camera,frame,role,width,sampling,root_c2o_count,root_o2c_count,root_o2c_mean_native_px,silhouette_edge_count,candidate_samples_before_mask,candidate_samples_after_mask,candidate_samples_after_visibility,candidate_count,candidate_segment_count,candidate_mask_rejected,candidate_self_hidden_rejected,candidate_sampling_truncated,candidate_segments_truncated,independent_candidate_mask,observed_source_count,observed_inside_count,observed_count,observed_sampling_truncated
C1,42,fit,640,historical_default,78,171,2.170668363571167,64,1420,585,585,300,12,835,0,1,0,1,1104,1104,600,1
C1,42,fit,640,extended_global_budget,152,316,2.1767778396606445,64,1420,585,585,585,12,835,0,0,0,1,1104,1104,1104,0
C1,42,fit,1920,historical_default,68,171,2.3943490982055664,64,4085,1678,1590,300,11,2407,88,1,0,1,1104,1104,600,1
C1,42,fit,1920,extended_global_budget,360,316,2.3821723461151123,64,4085,1678,1590,1590,11,2407,88,0,0,1,1104,1104,1104,0
C1,43,fit,640,historical_default,145,237,5.86514139175415,64,1464,677,613,300,17,787,64,1,0,1,1911,1911,600,1
C1,43,fit,640,extended_global_budget,297,754,5.85521936416626,64,1464,677,613,613,17,787,64,0,0,1,1911,1911,1911,0
C1,43,fit,1920,historical_default,142,237,5.89283561706543,64,4221,1985,1677,300,16,2236,308,1,0,1,1911,1911,600,1
C1,43,fit,1920,extended_global_budget,796,754,5.885370254516602,64,4221,1985,1677,1677,16,2236,308,0,0,1,1911,1911,1911,0
C1,44,nonblind_diagnostic,640,historical_default,110,164,7.03248929977417,64,1495,573,568,300,16,922,5,1,0,1,1925,1925,600,1
C1,44,nonblind_diagnostic,640,extended_global_budget,210,525,7.07114839553833,64,1495,573,568,568,16,922,5,0,0,1,1925,1925,1925,0
C1,44,nonblind_diagnostic,1920,historical_default,102,164,7.04187536239624,64,4315,1675,1598,300,15,2640,77,1,0,1,1925,1925,600,1
C1,44,nonblind_diagnostic,1920,extended_global_budget,549,525,7.077831268310547,64,4315,1675,1598,1598,15,2640,77,0,0,1,1925,1925,1925,0
C1,45,nonblind_diagnostic,640,historical_default,85,160,8.176031112670898,64,1541,510,496,300,14,1031,14,1,0,1,1570,1570,600,1
C1,45,nonblind_diagnostic,640,extended_global_budget,142,417,8.172959327697754,64,1541,510,496,496,14,1031,14,0,0,1,1570,1570,1570,0
C1,45,nonblind_diagnostic,1920,historical_default,90,160,8.176041603088379,64,4450,1489,1399,300,13,2961,90,1,0,1,1570,1570,600,1
C1,45,nonblind_diagnostic,1920,extended_global_budget,420,417,8.172971725463867,64,4450,1489,1399,1399,13,2961,90,0,0,1,1570,1570,1570,0
C2,42,fit,640,historical_default,50,87,3.3843348026275635,64,943,932,860,300,41,11,72,1,0,1,2103,2103,600,1
C2,42,fit,640,extended_global_budget,144,304,3.3820173740386963,64,943,932,860,860,41,11,72,0,0,1,2103,2103,2103,0
C2,42,fit,1920,historical_default,48,87,3.7220609188079834,64,2703,2674,2418,300,41,29,256,1,0,1,2103,2103,600,1
C2,42,fit,1920,extended_global_budget,386,304,3.722083330154419,64,2703,2674,2418,2418,41,29,256,0,0,1,2103,2103,2103,0
C2,43,fit,640,historical_default,0,0,,64,907,892,892,300,44,15,0,1,0,1,2248,2248,600,1
C2,43,fit,640,extended_global_budget,0,0,,64,907,892,892,892,44,15,0,0,0,1,2248,2248,2248,0
C2,43,fit,1920,historical_default,0,0,,64,2596,2554,2554,300,44,42,0,1,0,1,2248,2248,600,1
C2,43,fit,1920,extended_global_budget,0,0,,64,2596,2554,2554,2554,44,42,0,0,0,1,2248,2248,2248,0
C2,44,nonblind_diagnostic,640,historical_default,40,91,23.424510955810547,64,998,989,989,300,45,9,0,1,0,1,2573,2573,600,1
C2,44,nonblind_diagnostic,640,extended_global_budget,130,387,23.389667510986328,64,998,989,989,989,45,9,0,0,0,1,2573,2573,2573,0
C2,44,nonblind_diagnostic,1920,historical_default,41,91,23.424531936645508,64,2863,2837,2837,300,45,26,0,1,0,1,2573,2573,600,1
C2,44,nonblind_diagnostic,1920,extended_global_budget,388,387,23.38846778869629,64,2863,2837,2837,2837,45,26,0,0,0,1,2573,2573,2573,0
C2,45,nonblind_diagnostic,640,historical_default,49,113,22.2532901763916,64,784,770,770,300,39,14,0,1,0,1,2002,2002,600,1
C2,45,nonblind_diagnostic,640,extended_global_budget,126,374,22.187856674194336,64,784,770,770,770,39,14,0,0,0,1,2002,2002,2002,0
C2,45,nonblind_diagnostic,1920,historical_default,51,113,22.25046157836914,64,2237,2203,2203,300,39,34,0,1,0,1,2002,2002,600,1
C2,45,nonblind_diagnostic,1920,extended_global_budget,375,374,22.186330795288086,64,2237,2203,2203,2203,39,34,0,0,0,1,2002,2002,2002,0
