camera,frame,role,edge,face_ids,z0_m,z1_m,u0_px,v0_px,u1_px,v1_px,projected_full_band_length_px,intersects_image,in_image_length_px,stage,root_in_image_samples,root_ray_visible_samples,root_ray_visible_domain_valid_samples
C1,42,fit,25:37,49:50,6.15,7.6875,1222.5784746997206,328.0555553477848,1346.973419399478,355.38286499583086,127.36123475946631,True,127.36123475946631,native_samples_audited,129,129,129
C1,42,fit,30:42,59:60,6.15,7.6875,1165.0040926964969,939.9508453622411,1303.0913261218132,918.1737489239872,139.79386955206155,True,139.79386955206155,native_samples_audited,141,141,0
C1,42,fit,37:49,73:74,7.6875,10.25,1346.973419399478,355.38286499583086,1474.585183976972,416.32740877293395,141.41782021648126,True,141.41782021648126,native_samples_audited,143,143,143
C1,42,fit,48:49,73:96,10.25,10.25,1424.6361039914227,396.4961875887049,1474.585183976972,416.32740877293395,53.74186380337606,True,53.74186380337606,native_samples_audited,55,1,1
C1,42,fit,42:54,83:84,7.6875,10.25,1303.0913261218132,918.1737489239872,1489.4629432183867,913.5511175604458,186.42893654128653,True,186.42893654128653,native_samples_audited,188,188,0
C1,42,fit,48:60,96:119,10.25,12.3,1424.6361039914227,396.4961875887049,1539.6141833222393,433.6924083835683,120.84501465937181,True,120.84501465937181,native_samples_audited,122,94,94
C1,42,fit,54:66,107:108,10.25,12.3,1489.4629432183867,913.5511175604458,1613.813922614129,904.8589752466946,124.6543999010177,True,124.6543999010177,native_samples_audited,126,126,0
C1,43,fit,25:37,49:50,6.15,7.6875,1199.9719024615952,262.47159778254996,1323.6656110546085,285.25094497604954,125.77373415803193,True,125.77373415803193,native_samples_audited,127,127,127
C1,43,fit,30:42,59:60,6.15,7.6875,1169.0104131662335,868.582115081315,1302.3345822033234,841.7845454182283,135.99060184173942,True,135.99060184173942,native_samples_audited,137,137,137
C1,43,fit,37:49,73:74,7.6875,10.25,1323.6656110546085,285.25094497604954,1451.205399356205,341.82386882339455,139.52380912465634,True,139.52380912465634,native_samples_audited,141,141,141
C1,43,fit,48:49,73:96,10.25,10.25,1401.0710693133665,324.6858232061756,1451.205399356205,341.82386882339455,52.982673171727846,True,52.982673171727846,native_samples_audited,54,1,1
C1,43,fit,42:54,83:84,7.6875,10.25,1302.3345822033234,841.7845454182283,1483.0797164946532,829.5206538067099,181.1607203768243,True,181.1607203768243,native_samples_audited,183,183,183
C1,43,fit,48:60,96:119,10.25,12.3,1401.0710693133665,324.6858232061756,1515.4862253715994,357.143011538661,118.9297986640868,True,118.9297986640868,native_samples_audited,120,86,86
C1,43,fit,54:66,107:108,10.25,12.3,1483.0797164946532,829.5206538067099,1603.3321269998764,815.7902218075112,121.03374320907926,True,121.03374320907926,native_samples_audited,123,123,123
C1,44,nonblind_diagnostic,25:37,49:50,6.15,7.6875,1174.7943259669307,197.85863426837014,1297.8968618125868,216.25106688380242,124.46893551864363,True,124.46893551864363,native_samples_audited,126,126,0
C1,44,nonblind_diagnostic,30:42,59:60,6.15,7.6875,1169.7792495442102,799.4236920281206,1298.5376262131524,767.920562896614,132.5562775107146,True,132.5562775107146,native_samples_audited,134,134,134
C1,44,nonblind_diagnostic,37:49,73:74,7.6875,10.25,1297.8968618125868,216.25106688380242,1425.5299764940478,268.71979355132805,137.99702620492397,True,137.99702620492397,native_samples_audited,139,139,35
C1,44,nonblind_diagnostic,48:49,73:96,10.25,10.25,1375.1710117819605,254.13404763012704,1425.5299764940478,268.71979355132805,52.42870693571496,True,52.42870693571496,native_samples_audited,54,1,1
C1,44,nonblind_diagnostic,42:54,83:84,7.6875,10.25,1298.5376262131524,767.920562896614,1473.9489518753069,748.535354724381,176.47923239416932,True,176.47923239416932,native_samples_audited,178,178,178
C1,44,nonblind_diagnostic,48:60,96:119,10.25,12.3,1375.1710117819605,254.13404763012704,1489.1645598549208,282.0947121594959,117.37260226810261,True,117.37260226810261,native_samples_audited,119,80,80
C1,44,nonblind_diagnostic,54:66,107:108,10.25,12.3,1473.9489518753069,748.535354724381,1590.363275094981,730.1106007168881,117.86333700914537,True,117.86333700914537,native_samples_audited,119,119,119
C1,45,nonblind_diagnostic,25:37,49:50,6.15,7.6875,1147.0053308123124,134.04023866973634,1269.623217584293,148.16439616666042,123.42867568528854,True,123.42867568528854,native_samples_audited,125,125,0
C1,45,nonblind_diagnostic,30:42,59:60,6.15,7.6875,1167.4942686337574,732.2649528626455,1291.8657557440213,696.3103755277274,129.46427475311918,True,129.46427475311918,native_samples_audited,131,131,131
C1,45,nonblind_diagnostic,37:49,73:74,7.6875,10.25,1269.623217584293,148.16439616666042,1397.5179482816395,196.7522331992065,136.81315743614746,True,136.81315743614746,native_samples_audited,138,138,0
C1,45,nonblind_diagnostic,48:49,73:96,10.25,10.25,1346.890733597802,184.60599056945932,1397.5179482816395,196.7522331992065,52.063865364224206,True,52.063865364224206,native_samples_audited,54,1,0
C1,45,nonblind_diagnostic,42:54,83:84,7.6875,10.25,1291.8657557440213,696.3103755277274,1462.2105967339055,670.2240712066653,172.33067087724115,True,172.33067087724115,native_samples_audited,174,174,174
C1,45,nonblind_diagnostic,48:60,96:119,10.25,12.3,1346.890733597802,184.60599056945932,1460.602660673803,208.2626491633124,116.14663083862531,True,116.14663083862531,native_samples_audited,118,75,0
C1,45,nonblind_diagnostic,54:66,107:108,10.25,12.3,1462.2105967339055,670.2240712066653,1575.0204514181298,647.3762373701458,115.1003337306066,True,115.1003337306066,native_samples_audited,117,117,117
C2,42,fit,25:37,49:50,6.15,7.6875,-441.40151643308155,-245.4377919391894,-97.44747152673555,-95.21887826560835,375.32666709508857,False,0.0,outside_image_before_mask_or_visibility,,,
C2,42,fit,30:42,59:60,6.15,7.6875,-811.9904476269625,1515.4119388963911,-382.36608809026006,1427.157013493624,438.59551088123294,False,0.0,outside_image_before_mask_or_visibility,,,
C2,42,fit,37:49,73:74,7.6875,10.25,-97.44747152673555,-95.21887826560835,207.30336659249733,126.3835899102201,376.8033004579364,True,214.89721749898666,native_samples_audited,216,215,203
C2,42,fit,48:49,73:96,10.25,10.25,90.11338765736097,54.84691171309133,207.30336659249733,126.3835899102201,137.29889835791568,True,137.29889835791568,native_samples_audited,139,1,1
C2,42,fit,42:54,83:84,7.6875,10.25,-382.36608809026006,1427.157013493624,109.18798448441926,1387.0909869990028,493.1842381340069,False,0.0,outside_image_before_mask_or_visibility,,,
C2,42,fit,48:60,96:119,10.25,12.3,90.11338765736097,54.84691171309133,353.4158498601058,196.6180284319095,299.0438699216699,True,299.0438699216699,native_samples_audited,301,218,218
C2,42,fit,54:66,107:108,10.25,12.3,109.18798448441926,1387.0909869990028,396.63437166600886,1350.137267581602,289.81201300589373,False,0.0,outside_image_before_mask_or_visibility,,,
C2,43,fit,25:37,49:50,6.15,7.6875,-490.16235458060544,-449.2320231319875,-140.307076567546,-298.36656767719984,380.9975081325016,False,0.0,outside_image_before_mask_or_visibility,,,
C2,43,fit,30:42,59:60,6.15,7.6875,-776.8358555885658,1305.6874583877564,-362.3967186470762,1217.8459363467005,423.6459975301266,False,0.0,outside_image_before_mask_or_visibility,,,
C2,43,fit,37:49,73:74,7.6875,10.25,-140.307076567546,-298.36656767719984,171.02897608879928,-74.32432855933514,383.56884987258945,False,0.0,outside_image_before_mask_or_visibility,,,
C2,43,fit,48:49,73:96,10.25,10.25,50.54288937499992,-144.27249607913922,171.02897608879928,-74.32432855933514,139.31849565288792,False,0.0,outside_image_before_mask_or_visibility,,,
C2,43,fit,42:54,83:84,7.6875,10.25,-362.3967186470762,1217.8459363467005,116.18828651774263,1175.7224622058768,480.43521336627936,False,0.0,outside_image_before_mask_or_visibility,,,
C2,43,fit,48:60,96:119,10.25,12.3,50.54288937499992,-144.27249607913922,318.44967326632224,-3.274683506978441,302.7448232507467,False,0.0,outside_image_before_mask_or_visibility,,,
C2,43,fit,54:66,107:108,10.25,12.3,116.18828651774263,1175.7224622058768,396.39697515038733,1137.5870465743901,282.79182999268676,False,0.0,outside_image_before_mask_or_visibility,,,
C2,44,nonblind_diagnostic,25:37,49:50,6.15,7.6875,-548.3779883750868,-657.1053573159625,-191.2821878761785,-504.76984116973,388.2312715553645,False,0.0,outside_image_before_mask_or_visibility,,,
C2,44,nonblind_diagnostic,30:42,59:60,6.15,7.6875,-752.9885758034447,1103.2877261598169,-351.81647918446566,1015.2007480033878,410.7290674232817,False,0.0,outside_image_before_mask_or_visibility,,,
C2,44,nonblind_diagnostic,37:49,73:74,7.6875,10.25,-191.2821878761785,-504.76984116973,127.9184453553932,-277.0214624843951,392.12034919044316,False,0.0,outside_image_before_mask_or_visibility,,,
C2,44,nonblind_diagnostic,48:49,73:96,10.25,10.25,3.7054819679839777,-345.8941231925635,127.91844535539306,-277.0214624843951,142.02923525283205,False,0.0,outside_image_before_mask_or_visibility,,,
C2,44,nonblind_diagnostic,42:54,83:84,7.6875,10.25,-351.81647918446566,1015.2007480033878,115.73386541441413,970.7359055010377,469.6599269187122,True,116.25605541834533,native_samples_audited,118,118,110
C2,44,nonblind_diagnostic,48:60,96:119,10.25,12.3,3.7054819679839777,-345.8941231925635,277.19771896791167,-204.82894438673986,307.72940771194357,False,0.0,outside_image_before_mask_or_visibility,,,
C2,44,nonblind_diagnostic,54:66,107:108,10.25,12.3,115.73386541441413,970.7359055010377,389.82225511225954,931.1750884700848,276.928697702702,True,276.928697702702,native_samples_audited,278,278,278
C2,45,nonblind_diagnostic,25:37,49:50,6.15,7.6875,-616.7152040493968,-870.6053283785903,-250.9134038975417,-715.9368711725452,397.15650397398247,False,0.0,outside_image_before_mask_or_visibility,,,
C2,45,nonblind_diagnostic,30:42,59:60,6.15,7.6875,-739.6568765967963,906.6072364192232,-350.07572042198035,817.648861819544,399.6086456245951,False,0.0,outside_image_before_mask_or_visibility,,,
C2,45,nonblind_diagnostic,37:49,73:74,7.6875,10.25,-250.9134038975417,-715.9368711725452,77.57064796392345,-483.1344267941299,402.6148909763409,False,0.0,outside_image_before_mask_or_visibility,,,
C2,45,nonblind_diagnostic,48:49,73:96,10.25,10.25,-50.86381720194653,-551.4348885258308,77.57064796392345,-483.1344267941299,145.46602667017004,False,0.0,outside_image_before_mask_or_visibility,,,
C2,45,nonblind_diagnostic,42:54,83:84,7.6875,10.25,-350.07572042198035,817.648861819544,108.17878733512235,770.5360892474569,460.6699547606005,True,108.74899477070126,native_samples_audited,110,109,102
C2,45,nonblind_diagnostic,48:60,96:119,10.25,12.3,-50.86381720194653,-551.4348885258308,229.28968974570415,-409.44971046850327,314.07925471612793,False,0.0,outside_image_before_mask_or_visibility,,,
C2,45,nonblind_diagnostic,54:66,107:108,10.25,12.3,108.17878733512235,770.5360892474569,377.15451105673657,729.2934379301726,272.11926840862486,True,272.11926840862486,native_samples_audited,274,274,274
