x,y_subpixel,maximum_drop_row,one_row_drop,bright_luminance,dark_luminance,local_contrast,rgb_reject_reason,release_reject_reason,accepted
1050,911.2685773814061,911,78.714,139.12779999999998,22.131,116.99679999999998,,reviewed_segment_endpoint_guard,False
1051,911.2717534364916,911,78.714,139.12779999999998,21.631,117.49679999999998,,reviewed_segment_endpoint_guard,False
1052,911.2717534364916,911,78.714,139.12779999999998,21.631,117.49679999999998,,reviewed_segment_endpoint_guard,False
1053,911.2717534364916,911,78.714,139.12779999999998,21.631,117.49679999999998,,reviewed_segment_endpoint_guard,False
1054,911.2685773814061,911,78.714,139.62779999999998,21.631,117.99679999999998,,reviewed_segment_endpoint_guard,False
1055,911.2685773814061,911,78.714,139.62779999999998,21.631,117.99679999999998,,reviewed_segment_endpoint_guard,False
1056,911.2674595444153,911,78.64179999999999,139.5536,21.4866,118.067,,reviewed_segment_endpoint_guard,False
1057,911.2656322718962,911,78.64179999999999,139.841,21.4866,118.35440000000001,,reviewed_segment_endpoint_guard,False
1058,911.2656322718962,911,78.64179999999999,139.841,21.4866,118.35440000000001,,,True
1059,911.2688112428759,911,78.64179999999999,139.34099999999998,21.4866,117.85439999999998,,,True
1060,911.4236094474884,911,77.64179999999999,139.841,21.4866,118.35440000000001,,,True
1061,911.4236094474884,911,77.64179999999999,139.841,21.4866,118.35440000000001,,,True
1062,911.4236094474884,911,77.64179999999999,139.841,21.4866,118.35440000000001,,,True
1063,911.4248103425914,911,78.64179999999999,140.80489999999998,21.4866,119.31829999999998,,,True
1064,911.4248103425914,911,78.64179999999999,140.80489999999998,21.4866,119.31829999999998,,,True
1065,911.4420805456162,911,75.5696,140.80489999999998,21.4866,119.31829999999998,,,True
1066,911.5092208626364,911,67.56960000000001,140.80489999999998,21.4866,119.31829999999998,,,True
1067,911.5367203630318,911,63.6418,140.80489999999998,21.9866,118.81829999999998,,,True
1068,911.6684768132325,911,61.569599999999994,140.80489999999998,21.9866,118.81829999999998,,,True
1069,911.7485614800336,911,63.64179999999999,139.841,21.9866,117.85440000000001,,,True
1070,911.8878656227338,911,59.569599999999994,139.341,21.9866,117.35440000000001,,,True
1071,911.9505407804924,911,55.64179999999999,139.341,21.9866,117.35440000000001,,,True
1072,911.8020147334519,911,66.5696,138.84099999999998,21.4866,117.35439999999998,,,True
1073,911.8804125207365,911,60.6418,138.84099999999998,21.4866,117.35439999999998,,,True
1074,912.1071241935484,912,62.0,136.0536,22.4866,113.567,,,True
1075,912.1879061538461,912,65.0,136.0536,21.4866,114.567,,,True
1076,912.1879061538461,912,65.0,136.0536,21.4866,114.567,,,True
1077,912.1879061538461,912,65.0,136.0536,21.4866,114.567,,,True
1078,912.1879061538461,912,65.0,136.0536,21.4866,114.567,,,True
1079,912.1879061538461,912,65.0,136.0536,21.4866,114.567,,,True
1080,912.1879061538461,912,65.0,136.0536,21.4866,114.567,,,True
1081,912.1879061538461,912,65.0,136.0536,21.4866,114.567,,,True
1082,912.2038271092132,912,66.92779999999999,136.0536,22.4866,113.567,,,True
1083,912.2269287573374,912,68.9278,136.0536,22.4866,113.567,,,True
1084,912.2422304347826,912,69.0,136.0536,22.4866,113.567,,,True
1085,912.2670971830986,912,71.0,136.0536,21.9866,114.067,,,True
1086,912.2898990508421,912,72.9278,136.0536,21.4866,114.567,,,True
1087,912.3020242857143,912,70.0,136.0536,21.4866,114.567,,,True
1088,912.4328066100874,912,82.9278,137.5536,22.4866,115.067,,,True
1089,912.4380893909027,912,81.92779999999999,137.5536,22.4866,115.067,,,True
1090,912.44864625,912,80.0,137.5536,22.4866,115.067,,,True
1091,912.4543253164557,912,79.0,137.5536,22.4866,115.067,,,True
1092,912.4104464788733,912,71.0,137.5536,21.9866,115.567,,,True
1093,912.4808690140845,912,71.0,137.5536,21.9866,115.567,,,True
1094,912.5853013888889,912,72.0,137.5536,21.9866,115.567,,,True
1095,912.6272785201465,912,74.0722,137.5536,21.4866,116.067,,,True
1096,912.8456220338983,912,59.0,137.5536,22.4866,115.067,,,True
1097,912.8456220338983,912,59.0,137.5536,22.4866,115.067,,,True
1098,912.8483774524656,912,60.07219999999998,137.5536,22.4866,115.067,,,True
1099,912.85495364503,912,61.07219999999998,137.5536,21.9866,115.567,,,True
1100,912.8287920634921,912,62.999999999999986,137.5536,21.9866,115.567,,,True
1101,912.9266163636364,912,54.999999999999986,137.5536,22.4866,115.067,,,True
1102,913.1425134157242,913,60.6378,136.0536,22.4866,113.567,,,True
1103,913.2197206390367,913,66.6378,136.0536,22.4866,113.567,,,True
1104,913.2199718151415,913,65.4252,136.0536,22.9866,113.067,,,True
1105,913.2199718151415,913,65.4252,136.0536,22.9866,113.067,,,True
1106,913.2199718151415,913,65.4252,136.0536,22.9866,113.067,,,True
1107,913.2199718151415,913,65.4252,136.0536,22.9866,113.067,,,True
1108,913.2199718151415,913,65.4252,136.0536,22.9866,113.067,,,True
1109,913.2199718151415,913,65.4252,136.0536,22.9866,113.067,,,True
1110,913.2275606243846,913,67.6378,136.0536,22.9866,113.067,,,True
1111,913.2242452409605,913,68.6378,136.0536,22.9866,113.067,,,True
1112,913.2346292720014,913,75.4974,137.5536,22.9866,114.567,,,True
1113,913.3012819209757,913,78.71,137.5536,22.9866,114.567,,,True
1114,913.422433819116,913,79.63779999999998,137.5536,22.9866,114.567,,,True
1115,913.479150044467,913,78.71000000000001,137.5536,22.9866,114.567,,,True
1116,913.479150044467,913,78.71000000000001,137.5536,22.9866,114.567,,,True
1117,913.479150044467,913,78.71000000000001,137.5536,22.9866,114.567,,,True
1118,913.479150044467,913,78.71000000000001,137.5536,22.9866,114.567,,,True
1119,913.497829436854,913,81.6378,137.5536,22.9866,114.567,,,True
1120,913.5489094905529,913,81.0722,137.5536,23.4118,114.14179999999999,,,True
1121,913.6240671052632,913,76.0,137.5536,23.4118,114.14179999999999,,,True
1122,913.7854890843157,913,62.927800000000005,137.5536,23.4118,114.14179999999999,,,True
1123,913.8879534482759,913,57.999999999999986,137.5536,23.4118,114.14179999999999,,,True
1124,914.1340768115942,914,69.0,136.5536,22.9118,113.64179999999999,,,True
1125,914.1377,914,69.0,136.0536,22.9118,113.14179999999999,,,True
1126,914.1565671023166,914,67.07220000000001,136.0536,22.9118,113.14179999999999,,,True
1127,914.1742621212121,914,66.0,136.0536,22.9118,113.14179999999999,,,True
1128,914.1993125427699,914,66.92779999999999,136.2327,22.9118,113.3209,,,True
1129,914.2206084615385,914,65.0,136.2327,22.9118,113.3209,,,True
1130,914.2497464894464,914,66.0722,136.0536,22.9118,113.14179999999999,,,True
1131,914.2648814478706,914,66.0722,136.0536,22.9118,113.14179999999999,,,True
1132,914.3145189604195,914,68.92779999999999,137.5536,22.9118,114.64179999999999,,,True
1133,914.40882053395,914,68.92779999999999,136.5536,22.9118,113.64179999999999,,,True
1134,914.5481681818181,914,66.0,136.5536,22.9118,113.64179999999999,,,True
1135,914.589869047619,914,62.99999999999999,136.7327,22.9118,113.8209,,,True
1136,914.6206261151608,914,59.072199999999995,137.7327,22.9118,114.8209,,,True
1137,914.6677446428571,914,56.0,138.2688,22.9118,115.357,,,True
1138,914.8525412792238,914,52.07220000000001,138.2688,22.9118,115.357,,,True
1139,915.0159753785556,915,57.07220000000001,136.7327,23.4118,113.3209,,,True
1140,915.1515046472309,915,67.0722,137.7327,23.9118,113.8209,,,True
1141,915.1752108695653,915,68.99999999999999,137.7327,23.9118,113.8209,,,True
1142,915.1976538658445,915,69.9278,138.2688,23.9118,114.357,,,True
1143,915.2170229166667,915,72.0,138.2688,24.447899999999997,113.8209,,,True
1144,915.2271888888889,915,72.0,138.2688,24.983999999999998,113.2848,,,True
1145,915.2540498987025,915,74.9278,138.2688,25.483999999999998,112.7848,,,True
1146,915.2640595346453,915,74.92779999999999,138.2688,25.983999999999998,112.2848,,,True
1147,915.260722989331,915,74.92779999999999,138.7688,25.983999999999998,112.7848,,,True
1148,915.3794622003936,915,74.0722,138.2688,25.483999999999998,112.7848,,,True
1149,915.4776415237598,915,75.07220000000001,138.2688,25.983999999999998,112.2848,,,True
1150,915.6505057142857,915,70.0,138.7688,25.983999999999998,112.7848,,,True
1151,915.7386571428572,915,63.0,138.7688,25.983999999999998,112.7848,,,True
1152,915.7854043103448,915,58.0,138.7688,27.947899999999997,110.8209,,,True
1153,915.8205589883447,915,54.927800000000005,138.7688,28.9118,109.857,,,True
1154,915.9682826530612,916,51.0,137.4479,25.483999999999998,111.96390000000001,,,True
1155,916.0720709090909,916,55.0,137.4479,24.447899999999997,113.0,,,True
1156,916.2189530769231,916,65.0,137.4479,23.9118,113.5361,,,True
1157,916.2241778262827,916,67.0722,137.4479,24.447899999999997,113.0,,,True
1158,916.2252578571429,916,70.0,137.4479,24.983999999999998,112.46390000000001,,,True
1159,916.2185640845071,916,71.0,137.4479,25.483999999999998,111.96390000000001,,,True
1160,916.2495116857258,916,73.9278,137.4479,25.483999999999998,111.96390000000001,,,True
1161,916.2924422077922,916,77.0,137.4479,25.483999999999998,111.96390000000001,,,True
1162,916.4132801089366,916,80.92779999999999,137.4479,25.483999999999998,111.96390000000001,,,True
1163,916.468975625,916,80.0,137.4479,25.483999999999998,111.96390000000001,,,True
1164,916.5216864285715,916,70.0,137.4479,25.483999999999998,111.96390000000001,,,True
1165,916.594526891539,916,65.9278,137.4479,25.983999999999998,111.46390000000001,,,True
1166,916.7875451793658,916,59.927800000000005,137.4479,25.983999999999998,111.46390000000001,,,True
1167,916.8774400212643,916,54.927800000000005,137.4479,25.983999999999998,111.46390000000001,,,True
1168,917.2053514705882,917,68.0,134.4814,24.4092,110.07220000000001,,,True
1169,917.2053514705882,917,68.0,134.4814,24.4092,110.07220000000001,,,True
1170,917.2053514705882,917,68.0,134.4814,24.4092,110.07220000000001,,,True
1171,917.2084164179105,917,67.0,134.4814,24.4092,110.07220000000001,,,True
1172,917.2009537313432,917,67.0,134.4814,25.4092,109.07220000000001,,,True
1173,917.2009537313432,917,67.0,134.4814,25.4092,109.07220000000001,,,True
1174,917.212147761194,917,67.0,134.9814,25.4092,109.57220000000001,,,True
1175,917.2313608695653,917,69.0,135.4814,25.4092,110.07220000000001,,,True
1176,917.2565338028169,917,71.0,136.9814,25.4092,111.57220000000001,,,True
1177,917.3467208333333,917,72.0,137.4814,25.4092,112.07220000000001,,,True
1178,917.4647763888889,917,72.0,138.48139999999998,25.4092,113.07219999999998,,,True
1179,917.5468094594595,917,73.99999999999997,138.48139999999998,25.4092,113.07219999999998,,,True
1180,917.7939982142857,917,56.0,138.48139999999998,25.4092,113.07219999999998,,,True
1181,917.8063842105263,917,56.999999999999986,137.4814,25.4092,112.07220000000001,,,True
1182,917.8097224137931,917,58.0,137.4814,25.4092,112.07220000000001,,,True
1183,917.8129474576272,917,59.0,137.4814,25.4092,112.07220000000001,,,True
1184,918.1521739130435,918,69.0,136.4092,25.4092,111.0,,,True
1185,918.1521739130435,918,69.0,136.4092,25.4092,111.0,,,True
1186,918.1571428571428,918,70.0,137.4092,25.4092,112.0,,,True
1187,918.1619718309859,918,71.0,138.40919999999997,25.4092,112.99999999999997,,,True
1188,918.1712328767123,918,73.0,138.40919999999997,25.4092,112.99999999999997,,,True
1189,918.2397260273973,918,73.0,138.40919999999997,25.4092,112.99999999999997,,,True
1190,918.3402777777778,918,72.0,138.40919999999997,25.4092,112.99999999999997,,,True
1191,918.375,918,67.99999999999999,138.40919999999997,25.4092,112.99999999999997,,,True
1192,918.3732394366198,918,71.0,138.40919999999997,25.4092,112.99999999999997,,,True
1193,918.4214285714286,918,70.0,138.40919999999997,25.4092,112.99999999999997,,,True
1194,918.5367647058823,918,68.0,138.40919999999997,23.4092,114.99999999999997,,,True
1195,918.6119402985074,918,67.0,137.4092,23.4092,114.0,,,True
1196,918.8055555555555,918,54.0,138.40919999999997,23.4092,114.99999999999997,,,True
1197,918.8214285714286,918,56.0,138.40919999999997,22.4092,115.99999999999997,,,True
1198,918.8245614035088,918,56.999999999999986,138.40919999999997,22.4092,115.99999999999997,,,True
1199,918.8333333333334,918,56.999999999999986,137.4092,22.4092,115.0,,,True
1200,919.2083333333334,919,66.0,136.0536,23.264799999999997,112.7888,,,True
1201,919.2083333333334,919,66.0,136.0536,23.264799999999997,112.7888,,,True
1202,919.1964285714286,919,70.0,136.0536,23.264799999999997,112.7888,,,True
1203,919.1964285714286,919,70.0,136.0536,23.264799999999997,112.7888,,,True
1204,919.1964285714286,919,70.0,136.0536,23.264799999999997,112.7888,,,True
1205,919.1964285714286,919,70.0,136.0536,23.264799999999997,112.7888,,,True
1206,919.2065217391304,919,69.0,137.0536,23.264799999999997,113.7888,,,True
1207,919.2463768115942,919,69.0,135.5536,23.264799999999997,112.2888,,,True
1208,919.2607142857142,919,70.0,138.0536,22.264799999999997,115.7888,,,True
1209,919.2928571428571,919,70.0,136.5536,23.264799999999997,113.2888,,,True
1210,919.3450704225352,919,71.0,136.5536,23.264799999999997,113.2888,,,True
1211,919.3630136986301,919,73.0,136.5536,23.264799999999997,113.2888,,,True
1212,919.3881578947369,919,75.99999999999999,136.5536,25.264799999999997,111.2888,,,True
1213,919.3947368421053,919,76.0,136.5536,26.264799999999997,110.2888,,,True
1214,919.4177215189874,919,79.0,136.5536,26.264799999999997,110.2888,,,True
1215,919.4475308641976,919,81.0,136.0536,26.264799999999997,109.7888,,,True
1216,919.5555555555555,919,72.0,136.5536,26.264799999999997,110.2888,,,True
1217,919.6231884057971,919,69.0,136.5536,26.264799999999997,110.2888,,,True
1218,919.7678571428571,919,56.0,136.5536,26.264799999999997,110.2888,,,True
1219,919.845,919,50.0,137.5536,26.7648,110.78879999999998,,,True
1220,919.8035714285714,919,56.0,137.5536,25.264799999999997,112.2888,,,True
1221,919.8915094339623,919,53.0,139.0536,25.264799999999997,113.7888,,,True
1222,920.1309523809524,920,63.0,137.0536,25.264799999999997,111.7888,,,True
1223,920.1902985074627,920,67.0,138.0536,25.264799999999997,112.7888,,,True
1224,920.1940298507462,920,67.0,137.5536,25.264799999999997,112.2888,,,True
1225,920.2126865671642,920,67.0,137.0536,23.264799999999997,113.7888,,,True
1226,920.2089552238806,920,67.0,137.5536,23.264799999999997,114.2888,,,True
1227,920.2201492537314,920,67.0,136.0536,23.264799999999997,112.7888,,,True
1228,920.2089552238806,920,67.0,137.5536,23.264799999999997,114.2888,,,True
1229,920.2089552238806,920,67.0,137.5536,23.264799999999997,114.2888,,,True
1230,920.1977611940298,920,67.0,139.0536,23.264799999999997,115.7888,,,True
1231,920.25,920,69.0,139.0536,23.264799999999997,115.7888,,,True
1232,920.3314845070422,920,71.0,138.4828,23.264799999999997,115.218,,,True
1233,920.3685472222222,920,71.99999999999999,138.4828,23.264799999999997,115.218,,,True
1234,920.3824361111111,920,72.0,138.4828,23.264799999999997,115.218,,,True
1235,920.4080191780822,920,72.99999999999999,138.4828,22.764799999999997,115.718,,,True
1236,920.4396675675675,920,73.99999999999999,138.4828,23.264799999999997,115.218,,,True
1237,920.500472,920,75.0,138.4828,23.264799999999997,115.218,,,True
1238,920.5487513513514,920,73.99999999999999,138.4828,25.4092,113.0736,,,True
1239,920.5814346666666,920,75.0,138.4828,25.4092,113.0736,,,True
1240,920.7838379310344,920,58.0,138.7728,23.4092,115.36359999999999,,,True
1241,920.7838379310344,920,58.0,138.7728,23.4092,115.36359999999999,,,True
1242,920.7862779661017,920,58.999999999999986,138.7728,23.5536,115.21919999999999,,,True
1243,920.78984,920,59.999999999999986,138.7728,23.5536,115.21919999999999,,,True
1244,921.09483125,921,64.0,137.41519999999997,23.5536,113.86159999999997,,,True
1245,921.0963365079365,921,63.0,137.41519999999997,23.5536,113.86159999999997,,,True
1246,921.0994950819672,921,61.00000000000001,137.41519999999997,23.5536,113.86159999999997,,,True
1247,921.0994950819672,921,61.00000000000001,137.41519999999997,23.5536,113.86159999999997,,,True
1248,921.0994950819672,921,61.00000000000001,137.41519999999997,23.5536,113.86159999999997,,,True
1249,921.0994950819672,921,61.00000000000001,137.41519999999997,23.5536,113.86159999999997,,,True
1250,921.1140193548387,921,61.99999999999999,137.41519999999997,23.5536,113.86159999999997,,,True
1251,921.1549107692308,921,65.0,137.41519999999997,23.5536,113.86159999999997,,,True
1252,921.2509611111111,921,72.0,137.41519999999997,23.5536,113.86159999999997,,,True
1253,921.2745837837838,921,74.0,137.41519999999997,23.053599999999996,114.36159999999998,,,True
1254,921.3068315789474,921,76.0,137.41519999999997,23.053599999999996,114.36159999999998,,,True
1255,921.3298578947368,921,75.99999999999999,137.41519999999997,23.5536,113.86159999999997,,,True
1256,921.3430157894737,921,76.0,137.41519999999997,23.5536,113.86159999999997,,,True
1257,921.374256,921,74.99999999999999,137.41519999999997,23.5536,113.86159999999997,,,True
1258,921.4088052631579,921,76.0,137.41519999999997,23.5536,113.86159999999997,,,True
1259,921.4351210526315,921,76.0,137.41519999999997,23.5536,113.86159999999997,,,True
1260,921.5475893333333,921,75.0,137.41519999999997,23.5536,113.86159999999997,,,True
1261,921.5798578947368,921,76.0,137.41519999999997,23.5536,113.86159999999997,,,True
1262,921.5930157894737,921,75.99999999999999,137.41519999999997,23.5536,113.86159999999997,,,True
1263,921.6036876712329,921,73.0,137.41519999999997,23.5536,113.86159999999997,,,True
1264,921.6318338461539,921,65.0,137.41519999999997,23.5536,113.86159999999997,,,True
1265,921.6732655737704,921,61.00000000000001,137.41519999999997,23.5536,113.86159999999997,,,True
1266,921.827729032258,921,62.0,136.9152,23.5536,113.3616,,,True
1267,921.9068721311476,921,60.999999999999986,136.9152,23.5536,113.3616,,,True
1268,921.9068721311476,921,60.999999999999986,136.9152,23.5536,113.3616,,,True
1269,921.9068721311476,921,60.999999999999986,136.9152,23.5536,113.3616,,,True
1270,921.9068721311476,921,60.999999999999986,136.9152,23.5536,113.3616,,,True
1271,921.9068721311476,921,60.999999999999986,136.9152,23.5536,113.3616,,,True
1272,921.9068721311476,921,60.999999999999986,136.9152,23.5536,113.3616,,,True
1273,921.9068721311476,921,60.999999999999986,136.9152,23.5536,113.3616,,,True
1274,921.9068721311476,921,60.999999999999986,136.9152,23.5536,113.3616,,,True
1275,921.9068721311476,921,60.999999999999986,136.9152,23.5536,113.3616,,,True
1276,921.9068721311476,921,60.999999999999986,136.9152,23.5536,113.3616,,,True
1277,921.9068721311476,921,60.999999999999986,136.9152,23.5536,113.3616,,,True
1278,921.9027737704918,921,60.999999999999986,137.41519999999997,23.5536,113.86159999999997,,,True
1279,921.9027737704918,921,60.999999999999986,137.41519999999997,23.5536,113.86159999999997,,,True
1280,922.2219797297297,922,74.0,136.5562,23.4092,113.14699999999999,,,True
1281,922.2214743243243,922,74.0,137.0923,22.947899999999997,114.14439999999999,,,True
1282,922.2214743243243,922,74.0,137.0923,22.947899999999997,114.14439999999999,,,True
1283,922.2316094594595,922,74.0,137.5923,22.947899999999997,114.64439999999999,,,True
1284,922.2284925675675,922,74.0,137.5923,23.4092,114.1831,,,True
1285,922.2284925675675,922,74.0,137.5923,23.4092,114.1831,,,True
1286,922.2284925675675,922,74.0,137.5923,23.4092,114.1831,,,True
1287,922.2382246575343,922,73.0,138.6284,23.4092,115.2192,,,True
1288,922.2382246575343,922,73.0,138.6284,23.4092,115.2192,,,True
1289,922.2382246575343,922,73.0,138.6284,23.4092,115.2192,,,True
1290,922.2382246575343,922,73.0,138.6284,23.4092,115.2192,,,True
1291,922.2382246575343,922,73.0,138.6284,23.4092,115.2192,,,True
1292,922.2382246575343,922,73.0,138.6284,23.4092,115.2192,,,True
1293,922.2382246575343,922,73.0,138.6284,23.4092,115.2192,,,True
1294,922.2382246575343,922,73.0,138.6284,23.4092,115.2192,,,True
1295,922.2382246575343,922,73.0,138.6284,23.4092,115.2192,,,True
1296,922.2382246575343,922,73.0,138.6284,23.4092,115.2192,,,True
1297,922.2382246575343,922,73.0,138.6284,23.4092,115.2192,,,True
1298,922.2382246575343,922,73.0,138.6284,23.4092,115.2192,,,True
1299,922.2382246575343,922,73.0,138.6284,23.4092,115.2192,,,True
1300,922.2382246575343,922,73.0,138.6284,23.4092,115.2192,,,True
1301,922.2382246575343,922,73.0,138.6284,23.4092,115.2192,,,True
1302,922.2415333333333,922,72.0,138.6284,23.4092,115.2192,,,True
1303,922.2484342857143,922,70.0,138.6284,23.4092,115.2192,,,True
1304,922.4344329113924,922,79.0,138.76879999999997,23.4092,115.35959999999997,,,True
1305,922.4515815789474,922,76.0,138.76879999999997,23.4092,115.35959999999997,,,True
1306,922.4515815789474,922,76.0,138.76879999999997,23.4092,115.35959999999997,,,True
1307,922.4576026666666,922,75.0,138.76879999999997,23.4092,115.35959999999997,,,True
1308,922.4576026666666,922,75.0,138.76879999999997,23.4092,115.35959999999997,,,True
1309,922.4576026666666,922,75.0,138.76879999999997,23.4092,115.35959999999997,,,True
1310,922.4576026666666,922,75.0,138.76879999999997,23.4092,115.35959999999997,,,True
1311,922.4576026666666,922,75.0,138.76879999999997,23.4092,115.35959999999997,,,True
1312,922.4576026666666,922,75.0,138.76879999999997,23.4092,115.35959999999997,,,True
1313,922.4576026666666,922,75.0,138.76879999999997,23.4092,115.35959999999997,,,True
1314,922.477897368421,922,76.0,138.76879999999997,23.4092,115.35959999999997,,,True
1315,922.4976026666667,922,75.0,138.76879999999997,23.4092,115.35959999999997,,,True
1316,922.511872,922,74.99999999999999,138.6284,23.4092,115.2192,,,True
1317,922.5395945205479,922,73.0,138.6284,23.4092,115.2192,,,True
1318,922.5593297297297,922,73.99999999999997,138.6284,23.4092,115.2192,,,True
1319,922.5755870129871,922,77.0,138.76879999999997,23.4092,115.35959999999997,,,True
1320,922.7950912280702,922,57.000000000000014,138.76879999999997,23.4092,115.35959999999997,,,True
1321,922.8020372881356,922,59.000000000000014,138.76879999999997,23.4092,115.35959999999997,,,True
1322,922.8020372881356,922,59.000000000000014,138.76879999999997,23.4092,115.35959999999997,,,True
1323,922.80234,922,60.000000000000014,139.12839999999997,23.4092,115.71919999999997,,,True
1324,922.80234,922,60.000000000000014,139.12839999999997,23.4092,115.71919999999997,,,True
1325,922.80234,922,60.000000000000014,139.12839999999997,23.4092,115.71919999999997,,,True
1326,922.80234,922,60.000000000000014,139.12839999999997,23.4092,115.71919999999997,,,True
1327,922.80234,922,60.000000000000014,139.12839999999997,23.4092,115.71919999999997,,,True
1328,922.8047566666667,922,60.0,138.9828,23.5536,115.4292,,,True
1329,922.8047566666667,922,60.0,138.9828,23.5536,115.4292,,,True
1330,922.8152655172414,922,58.0,138.9828,23.5536,115.4292,,,True
1331,922.8095210526316,922,57.0,139.26819999999998,23.5536,115.71459999999998,,,True
1332,922.822854,922,49.999999999999986,139.26819999999998,23.5536,115.71459999999998,,,True
1333,922.9417934782608,923,54.999999999999986,138.76819999999998,23.694,115.07419999999998,,,True
1334,923.1201484848485,923,66.0,139.5536,23.694,115.85959999999999,,,True
1335,923.1704257142857,923,69.99999999999999,139.5536,23.694,115.85959999999999,,,True
1336,923.204504109589,923,72.99999999999999,139.76819999999998,23.4814,116.28679999999997,,,True
1337,923.189138028169,923,71.0,139.76819999999998,22.481399999999997,117.28679999999999,,,True
1338,923.189138028169,923,71.0,139.76819999999998,22.481399999999997,117.28679999999999,,,True
1339,923.1856169014085,923,71.0,140.26819999999998,22.481399999999997,117.78679999999999,,,True
1340,923.182585915493,923,71.0,140.26819999999998,22.9118,117.35639999999998,,,True
1341,923.182585915493,923,71.0,140.26819999999998,22.9118,117.35639999999998,,,True
1342,923.1762922535212,923,71.0,141.1619,22.9118,118.2501,,,True
1343,923.1785597222222,923,72.0,140.6619,22.732699999999998,117.92920000000001,,,True
1344,923.18129375,923,72.0,140.26819999999998,22.732699999999998,117.53549999999998,,,True
1345,923.1750875,923,72.0,141.1619,22.732699999999998,118.42920000000001,,,True
1346,923.1822349315069,923,73.0,140.26819999999998,22.2327,118.03549999999998,,,True
1347,923.1822349315069,923,73.0,140.26819999999998,22.2327,118.03549999999998,,,True
1348,923.1822349315069,923,73.0,140.26819999999998,22.2327,118.03549999999998,,,True
1349,923.185659589041,923,73.0,140.26819999999998,21.7327,118.53549999999998,,,True
1350,923.185659589041,923,73.0,140.26819999999998,21.7327,118.53549999999998,,,True
1351,923.185659589041,923,73.0,140.26819999999998,21.7327,118.53549999999998,,,True
1352,923.185659589041,923,73.0,140.26819999999998,21.7327,118.53549999999998,,,True
1353,923.185659589041,923,73.0,140.26819999999998,21.7327,118.53549999999998,,,True
1354,923.185659589041,923,73.0,140.26819999999998,21.7327,118.53549999999998,,,True
1355,923.185659589041,923,73.0,140.26819999999998,21.7327,118.53549999999998,,,True
1356,923.185659589041,923,73.0,140.26819999999998,21.7327,118.53549999999998,,,True
1357,923.185659589041,923,73.0,140.26819999999998,21.7327,118.53549999999998,,,True
1358,923.1761136986302,923,73.0,141.1619,22.232699999999998,118.92920000000001,,,True
1359,923.2331061643836,923,73.0,141.1619,21.9118,119.2501,,,True
1360,923.3042804054054,923,74.0,141.6619,22.4118,119.2501,,,True
1361,923.3461198630137,923,73.0,142.1619,22.4118,119.7501,,,True
1362,923.3461198630137,923,73.0,142.1619,22.4118,119.7501,,,True
1363,923.3461198630137,923,73.0,142.1619,22.4118,119.7501,,,True
1364,923.3461198630137,923,73.0,142.1619,22.4118,119.7501,,,True
1365,923.3461198630137,923,73.0,142.1619,22.4118,119.7501,,,True
1366,923.3461198630137,923,73.0,142.1619,22.4118,119.7501,,,True
1367,923.3461198630137,923,73.0,142.1619,22.4118,119.7501,,,True
1368,923.3426952054795,923,73.0,142.1619,22.9118,119.2501,,,True
1369,923.3426952054795,923,73.0,142.1619,22.9118,119.2501,,,True
1370,923.3563938356165,923,73.0,142.1619,22.9118,119.2501,,,True
1371,923.3921182432432,923,74.0,142.1619,22.9118,119.2501,,,True
1372,923.5036541095891,923,72.99999999999999,142.6619,22.9118,119.7501,,,True
1373,923.531051369863,923,73.0,142.6619,22.9118,119.7501,,,True
1374,923.54475,923,72.99999999999999,142.6619,22.9118,119.7501,,,True
1375,923.5466152777777,923,72.0,142.6619,23.7327,118.92920000000001,,,True
1376,923.5631347826087,923,69.0,142.6619,24.732699999999998,117.92920000000001,,,True
1377,923.5911388059701,923,66.99999999999999,142.6619,23.2327,119.42920000000001,,,True
1378,923.7079110169492,923,59.0,142.6619,22.9118,119.7501,,,True
1379,923.7815491071428,923,56.000000000000014,142.6619,22.9118,119.7501,,,True
1380,923.7897675438596,923,57.0,142.1619,22.9118,119.2501,,,True
1381,923.7968940677966,923,59.0,142.1619,22.9118,119.2501,,,True
1382,923.7984118644068,923,59.0,142.1619,22.732699999999998,119.42920000000001,,,True
1383,923.8050213114755,923,61.0,142.1619,22.732699999999998,119.42920000000001,,,True
1384,923.807081147541,923,61.0,142.1619,22.481399999999997,119.68050000000001,,,True
1385,923.807081147541,923,61.0,142.1619,22.481399999999997,119.68050000000001,,,True
1386,923.8163658333333,923,59.999999999999986,142.1619,22.9814,119.1805,,,True
1387,923.8163658333333,923,59.999999999999986,142.1619,22.9814,119.1805,,,True
1388,923.8259652542373,923,58.999999999999986,142.1619,23.4814,118.6805,,,True
1389,923.8174906779661,923,58.999999999999986,142.1619,24.481399999999997,117.68050000000001,,,True
1390,923.8417885964913,923,56.999999999999986,142.6619,24.481399999999997,118.18050000000001,,,True
1391,923.8978138888889,923,53.999999999999986,142.6619,23.481399999999997,119.18050000000001,,,True
1392,924.0239125,923,46.0,143.30489999999998,25.4092,117.89569999999998,,,True
1393,924.1059968253968,924,63.0,142.5536,22.9092,119.64439999999999,,,True
1394,924.104340625,924,64.0,142.5536,22.9092,119.64439999999999,,,True
1395,924.104340625,924,64.0,142.5536,22.9092,119.64439999999999,,,True
1396,924.092621875,924,64.0,142.5536,24.4092,118.14439999999999,,,True
1397,924.092621875,924,64.0,142.5536,24.4092,118.14439999999999,,,True
1398,924.1065815384616,924,65.0,142.5536,24.4092,118.14439999999999,,,True
1399,924.1219661538462,924,65.0,142.5536,24.4092,118.14439999999999,,,True
1400,924.1395723076923,924,65.0,142.5536,22.4092,120.14439999999999,,,True
1401,924.1526090909091,924,66.0,142.5536,22.4092,120.14439999999999,,,True
1402,924.1450333333333,924,66.0,143.5536,22.4092,121.14439999999999,,,True
1403,924.1601848484848,924,65.99999999999999,143.5536,22.4092,121.14439999999999,,,True
1404,924.1536727272727,924,65.99999999999999,144.4132,22.4092,122.00399999999999,,,True
1405,924.1536727272727,924,65.99999999999999,144.4132,22.4092,122.00399999999999,,,True
1406,924.1412257575757,924,65.99999999999999,145.55360000000002,22.9118,122.64180000000002,,,True
1407,924.1412257575757,924,65.99999999999999,145.55360000000002,22.9118,122.64180000000002,,,True
1408,924.140146969697,924,65.99999999999999,145.2682,23.339599999999997,121.92860000000002,,,True
1409,924.140146969697,924,65.99999999999999,145.2682,23.339599999999997,121.92860000000002,,,True
1410,924.1363590909091,924,65.99999999999999,145.7682,23.339599999999997,122.42860000000002,,,True
1411,924.1347333333333,924,65.99999999999999,145.9828,23.339599999999997,122.64320000000001,,,True
1412,924.1385212121212,924,65.99999999999999,145.9828,22.839599999999997,123.14320000000001,,,True
1413,924.1385212121212,924,65.99999999999999,145.9828,22.839599999999997,123.14320000000001,,,True
1414,924.1347333333333,924,65.99999999999999,146.4828,22.839599999999997,123.64320000000001,,,True
1415,924.1347333333333,924,65.99999999999999,146.4828,22.839599999999997,123.64320000000001,,,True
1416,924.1326447803028,924,66.78739999999999,146.4828,23.339599999999997,123.14320000000001,,,True
1417,924.1326447803028,924,66.78739999999999,146.4828,23.339599999999997,123.14320000000001,,,True
1418,924.1326447803028,924,66.78739999999999,146.4828,23.339599999999997,123.14320000000001,,,True
1419,924.1326447803028,924,66.78739999999999,146.4828,23.339599999999997,123.14320000000001,,,True
1420,924.1259541470397,924,66.78739999999999,147.37650000000002,23.339599999999997,124.03690000000003,,,True
1421,924.1259541470397,924,66.78739999999999,147.37650000000002,23.339599999999997,124.03690000000003,,,True
1422,924.1222109260129,924,66.78739999999999,147.87650000000002,23.339599999999997,124.53690000000003,,,True
1423,924.1222109260129,924,66.78739999999999,147.87650000000002,23.339599999999997,124.53690000000003,,,True
1424,924.111777071723,924,66.78739999999999,149.2702,23.339599999999997,125.9306,,,True
1425,924.111777071723,924,66.78739999999999,149.2702,23.339599999999997,125.9306,,,True
1426,924.1042906296697,924,66.78739999999999,150.2702,23.339599999999997,126.9306,,,True
1427,924.1042906296697,924,66.78739999999999,150.2702,23.339599999999997,126.9306,,,True
1428,924.1042906296697,924,66.78739999999999,150.2702,23.339599999999997,126.9306,,,True
1429,924.1042906296697,924,66.78739999999999,150.2702,23.339599999999997,126.9306,,,True
1430,924.101159090909,924,65.99999999999999,150.4146,23.339599999999997,127.07500000000002,,,True
1431,924.101159090909,924,65.99999999999999,150.4146,23.339599999999997,127.07500000000002,,,True
1432,924.0890098484848,924,65.99999999999999,151.02089999999998,24.336999999999996,126.6839,,,True
1433,924.0890098484848,924,65.99999999999999,151.02089999999998,24.336999999999996,126.6839,,,True
1434,924.0738325757576,924,66.0,151.3077,25.764799999999997,125.54290000000002,,,True
1435,924.0738325757576,924,66.0,151.3077,25.764799999999997,125.54290000000002,,,True
1436,924.0627424242424,924,66.0,152.77159999999998,25.764799999999997,127.00679999999998,,,True
1437,924.0627424242424,924,66.0,152.77159999999998,25.764799999999997,127.00679999999998,,,True
1438,924.0589545454545,924,66.0,153.2716,25.764799999999997,127.50680000000001,,,True
1439,924.0627424242424,924,66.0,153.2716,25.264799999999997,128.0068,,,True
1440,924.0677446442286,924,66.92779999999999,153.34640000000002,25.120399999999997,128.22600000000003,,,True
1441,924.0677446442286,924,66.92779999999999,153.34640000000002,25.120399999999997,128.22600000000003,,,True
1442,924.0677446442286,924,66.92779999999999,153.34640000000002,25.120399999999997,128.22600000000003,,,True
1443,924.0677446442286,924,66.92779999999999,153.34640000000002,25.120399999999997,128.22600000000003,,,True
1444,924.0677446442286,924,66.92779999999999,153.34640000000002,25.120399999999997,128.22600000000003,,,True
1445,924.0677446442286,924,66.92779999999999,153.34640000000002,25.120399999999997,128.22600000000003,,,True
1446,924.0640092756672,924,66.92779999999999,153.84640000000002,25.120399999999997,128.72600000000003,,,True
1447,924.0640092756672,924,66.92779999999999,153.84640000000002,25.120399999999997,128.72600000000003,,,True
1448,924.0469012876563,924,66.92779999999999,155.8464,25.4104,130.43599999999998,,,True
1449,924.0469012876563,924,66.92779999999999,155.8464,25.4104,130.43599999999998,,,True
1450,924.0469012876563,924,66.92779999999999,155.8464,25.4104,130.43599999999998,,,True
1451,924.0394305505336,924,66.92779999999999,156.84640000000002,25.4104,131.436,,,True
1452,924.0394305505336,924,66.92779999999999,156.84640000000002,25.4104,131.436,,,True
1453,924.0394305505336,924,66.92779999999999,156.84640000000002,25.4104,131.436,,,True
1454,924.0394305505336,924,66.92779999999999,156.84640000000002,25.4104,131.436,,,True
1455,924.0394305505336,924,66.92779999999999,156.84640000000002,25.4104,131.436,,,True
1456,924.0461071483,924,66.92779999999999,156.84640000000002,24.5167,132.3297,,,True
1457,924.0423717797388,924,66.92779999999999,157.34640000000002,24.5167,132.8297,,,True
1458,924.0423717797388,924,66.92779999999999,157.34640000000002,24.5167,132.8297,,,True
1459,924.0423717797388,924,66.92779999999999,157.34640000000002,24.5167,132.8297,,,True
1460,924.0386364111774,924,66.92779999999999,157.8464,24.5167,133.3297,,,True
1461,924.0386364111774,924,66.92779999999999,157.8464,24.5167,133.3297,,,True
1462,924.0311656740547,924,66.92779999999999,158.8464,24.5167,134.3297,,,True
1463,924.0236949369321,924,66.92779999999999,159.8464,24.5167,135.3297,,,True
1464,924.0303715346986,924,66.92779999999999,159.8464,23.623,136.2234,,,True
1465,924.0266361661372,924,66.92779999999999,160.3464,23.623,136.7234,,,True
1466,923.9665044116399,924,66.0,161.84640000000002,23.623,138.22340000000003,,,True
1467,923.9298546657034,924,65.0,162.3464,25.4104,136.93599999999998,,,True
1468,923.8613113539358,923,59.6498,165.4914,24.5889,140.9025,,,True
1469,923.8403557094911,923,59.649799999999985,165.9914,24.5889,141.4025,,,True
1470,923.7872159165594,923,60.862399999999994,166.9914,24.5889,142.4025,,,True
1471,923.7441733682813,923,64.9346,166.9914,23.7674,143.224,,,True
1472,923.6625469941564,923,72.9346,166.9914,23.7674,143.224,,,True
1473,923.6200403928422,923,77.9346,166.9914,23.7674,143.224,,,True
1474,923.6166174576543,923,75.9346,166.4914,23.2674,143.224,,,True
1475,923.6013295351786,923,73.64979999999998,166.4914,23.7674,142.724,,,True
1476,923.5770571383803,923,67.64980000000001,165.9914,22.7674,143.224,,,True
1477,923.5641723204031,923,65.64979999999998,165.9914,22.7674,143.224,,,True
1478,923.5485699449124,923,63.9346,165.4914,23.7674,141.724,,,True
1479,923.5413969422226,923,62.9346,165.4914,23.7674,141.724,,,True
1480,923.4248643813993,923,78.93459999999999,165.4914,24.839599999999997,140.6518,,,True
1481,923.3704163254042,923,89.86240000000001,165.4914,25.339599999999997,140.1518,,,True
1482,923.3149182077178,923,97.6498,166.4914,24.839599999999997,141.6518,,,True
1483,923.2967377984451,923,98.57759999999999,166.9914,25.339599999999997,141.6518,,,True
1484,923.2811147230512,923,97.57759999999999,168.63379999999998,25.339599999999997,143.2942,,,True
1485,923.2604284891678,923,95.8624,170.1338,25.339599999999997,144.79420000000002,,,True
1486,923.2423909893631,923,93.86240000000001,170.7782,25.4118,145.3664,,,True
1487,923.2116508127982,923,89.86240000000001,170.7782,24.8757,145.9025,,,True
1488,923.1350504016496,923,81.8624,170.9226,24.947899999999997,145.97469999999998,,,True
1489,923.0906156244863,923,77.8624,170.9226,24.947899999999997,145.97469999999998,,,True
1490,923.0617064580082,923,75.8624,170.9226,25.696599999999997,145.226,,,True
1491,923.0525123426446,923,74.8624,170.4226,25.696599999999997,144.726,,,True
1492,922.9874981481481,923,70.86240000000001,170.9226,26.4092,144.5134,,,True
1493,922.9689796296296,923,69.8624,170.9226,26.4092,144.5134,,,True
1494,922.9504611111112,923,68.8624,170.9226,26.4092,144.5134,,,True
1495,922.93318,923,67.8624,170.9226,26.4092,144.5134,,,True
1496,922.9299527272727,923,67.8624,171.4226,26.2642,145.1584,,,True
1497,922.9254072727273,923,67.8624,171.9226,26.2642,145.6584,,,True
1498,922.9172827272728,923,67.8624,172.81629999999998,26.2642,146.5521,,,True
1499,922.9127372727273,923,67.8624,173.31629999999996,26.2642,147.05209999999997,,,True
1500,922.9127372727273,923,67.8624,173.31629999999996,26.2642,147.05209999999997,,,True
1501,922.9127372727273,923,65.93459999999999,173.31629999999996,26.2642,147.05209999999997,,,True
1502,922.900525,923,65.93459999999999,174.2441,26.192,148.0521,,,True
1503,922.8384198275862,923,61.9346,174.2441,26.192,148.0521,,,True
1504,922.72100625,922,64.00000000000001,175.7808,26.7648,149.016,,,True
1505,922.658245120741,922,67.71520000000001,176.9232,26.7648,150.1584,,,True
1506,922.6247443701996,922,67.28479999999999,176.9232,26.1204,150.80280000000002,,,True
1507,922.6077682968041,922,66.2848,176.9232,25.620399999999997,151.30280000000002,,,True
1508,922.5550795166135,922,68.7152,176.9232,25.3376,151.5856,,,True
1509,922.5382956521739,922,68.99999999999999,176.9232,25.3376,151.5856,,,True
1510,922.5151541777965,922,68.28479999999999,176.9232,25.8376,151.0856,,,True
1511,922.4921446646985,922,68.2848,178.0656,25.8376,152.22799999999998,,,True
1512,922.4836571428572,922,70.00000000000001,178.0656,25.3376,152.72799999999998,,,True
1513,922.444897198873,922,68.7152,178.0656,25.3376,152.72799999999998,,,True
1514,922.3943087084036,922,69.28480000000002,179.0656,25.4104,153.65519999999998,,,True
1515,922.3629077464789,922,71.0,179.0656,24.5167,154.5489,,,True
1516,922.2807402777778,922,72.0,179.0656,23.623,155.4426,,,True
1517,922.2217915497783,922,74.71519999999998,179.0656,24.3376,154.72799999999998,,,True
1518,922.1840477759123,922,75.28479999999999,179.0656,24.3376,154.72799999999998,,,True
1519,922.177641025641,922,78.0,179.0656,24.3376,154.72799999999998,,,True
1520,922.1627341772152,922,79.0,179.0656,24.3376,154.72799999999998,,,True
1521,922.1601299374228,922,80.28479999999999,179.0656,24.3376,154.72799999999998,,,True
1522,922.1566141517234,922,81.28479999999999,179.0656,24.5889,154.4767,,,True
1523,922.1547108335926,922,82.28479999999999,179.0656,24.5889,154.4767,,,True
1524,922.1577490617951,922,82.28479999999999,179.0656,24.0889,154.9767,,,True
1525,922.1577490617951,922,82.28479999999999,179.0656,24.0889,154.9767,,,True
1526,922.1321889929903,922,81.7152,179.0656,23.8763,155.1893,,,True
1527,922.1104162066958,922,79.71520000000001,179.0656,23.8763,155.1893,,,True
1528,921.9939623868336,922,71.0,179.206,24.5889,154.6171,,,True
1529,921.9598576398896,922,70.0,179.206,24.5889,154.6171,,,True
1530,921.9235491895739,922,68.71519999999998,179.0656,24.5889,154.4767,,,True
1531,921.9112707516146,922,67.71519999999998,179.206,24.0889,155.1171,,,True
1532,921.8669794389671,922,67.28479999999999,179.0656,24.0889,154.9767,,,True
1533,921.8669794389671,922,67.28479999999999,179.0656,24.0889,154.9767,,,True
1534,921.8503926102361,922,67.28479999999999,179.0656,24.0889,154.9767,,,True
1535,921.8503926102361,922,67.28479999999999,179.0656,24.0889,154.9767,,,True
1536,921.8596715504642,922,67.7874,179.0656,23.3356,155.73,,,True
1537,921.8596715504642,922,67.7874,179.0656,23.3356,155.73,,,True
1538,921.8362272359834,922,67.2126,179.0656,22.8356,156.23,,,True
1539,921.8321196905869,922,67.2126,179.0656,23.3356,155.73,,,True
1540,921.8115819636039,922,67.21260000000001,179.0656,23.8356,155.23,,,True
1541,921.8115819636039,922,67.21260000000001,179.0656,23.8356,155.23,,,True
1542,921.7917298658951,922,66.21260000000001,179.0656,23.8356,155.23,,,True
1543,921.780741986086,922,66.21260000000001,179.0656,23.8356,155.23,,,True
1544,921.5454269762103,921,73.86359999999999,181.2828,23.8356,157.4472,,,True
1545,921.5261826946415,921,70.86359999999999,181.2828,23.8356,157.4472,,,True
1546,921.519400660716,921,69.86360000000002,181.2828,23.8356,157.4472,,,True
1547,921.519400660716,921,69.86360000000002,181.2828,23.8356,157.4472,,,True
1548,921.519400660716,921,69.86360000000002,181.2828,23.8356,157.4472,,,True
1549,921.519400660716,921,69.86360000000002,181.2828,23.8356,157.4472,,,True
1550,921.519400660716,921,69.86360000000002,181.2828,23.8356,157.4472,,,True
1551,921.489581859199,921,72.07619999999999,181.2828,23.8356,157.4472,,,True
1552,921.4188997381812,921,77.0762,181.2828,23.8356,157.4472,,,True
1553,921.3713652432808,921,78.86359999999999,181.2828,23.8356,157.4472,,,True
1554,921.3632917049815,921,77.86359999999999,181.2828,23.8356,157.4472,,,True
1555,921.346506097786,921,75.86359999999999,181.2828,23.8356,157.4472,,,True
1556,921.2426118723847,921,91.86359999999999,181.2828,23.8356,157.4472,,,True
1557,921.2257554783026,921,89.8636,181.2828,23.8356,157.4472,,,True
1558,921.217042748662,921,88.86359999999999,181.2828,23.8356,157.4472,,,True
1559,921.217042748662,921,88.86359999999999,181.2828,23.8356,157.4472,,,True
1560,921.217042748662,921,88.86359999999999,181.2828,23.8356,157.4472,,,True
1561,921.217042748662,921,88.86359999999999,181.2828,23.8356,157.4472,,,True
1562,921.2146275021255,921,89.86359999999999,181.2828,23.8356,157.4472,,,True
1563,921.2146275021255,921,89.86359999999999,181.2828,23.8356,157.4472,,,True
1564,921.0039301441509,921,73.0762,181.2828,23.8356,157.4472,,,True
1565,921.0038770887276,921,74.0762,181.2828,23.8356,157.4472,,,True
1566,920.9887425925926,921,72.9318,181.35500000000002,23.264799999999997,158.0902,,,True
1567,920.9884682216893,921,74.7192,181.35500000000002,23.264799999999997,158.0902,,,True
1568,920.9715205481531,921,74.14839999999998,180.99739999999997,23.4092,157.58819999999997,,,True
1569,920.9762630133245,921,74.14839999999998,180.99739999999997,22.9092,158.08819999999997,,,True
1570,920.9545539047562,921,74.1484,180.99739999999997,22.9092,158.08819999999997,,,True
1571,920.9545539047562,921,74.1484,180.99739999999997,22.9092,158.08819999999997,,,True
1572,920.9545539047562,921,74.1484,180.99739999999997,22.9092,158.08819999999997,,,True
1573,920.9592963699274,921,74.1484,180.99739999999997,22.4092,158.58819999999997,,,True
1574,920.9225094339623,921,72.8636,180.99739999999997,22.9118,158.08559999999997,,,True
1575,920.9017884615384,921,71.86359999999999,180.99739999999997,22.9118,158.08559999999997,,,True
1576,920.8802156862745,921,72.651,181.7874,23.2674,158.51999999999998,,,True
1577,920.844520491303,921,70.8636,181.7874,23.2674,158.51999999999998,,,True
1578,920.8254698113208,921,67.7914,181.7874,22.5548,159.2326,,,True
1579,920.8101833333334,921,65.79140000000001,181.7874,22.5548,159.2326,,,True
1580,920.7415237288136,921,60.791399999999996,181.7874,22.5548,159.2326,,,True
1581,920.6644918032787,920,60.999999999999986,185.2192,21.5548,163.6644,,,True
1582,920.5909725806451,920,61.999999999999986,185.2192,21.342200000000002,163.877,,,True
1583,920.5645146153846,920,65.0,185.7192,20.7359,164.98329999999999,,,True
1584,920.5353014395349,920,72.78739999999999,186.2192,20.1296,166.0896,,,True
1585,920.527306649918,920,75.78740000000002,186.2192,20.1296,166.0896,,,True
1586,920.5098236842106,920,76.0,186.2192,20.1296,166.0896,,,True
1587,920.4866213333333,920,75.0,186.7192,20.1296,166.5896,,,True
1588,920.473288,920,75.0,186.7192,20.1296,166.5896,,,True
1589,920.4451589041096,920,73.0,186.7192,20.1296,166.5896,,,True
1590,920.4136089041095,920,73.0,186.7192,20.7359,165.98329999999999,,,True
1591,920.389246,920,75.0,186.7192,20.7359,165.98329999999999,,,True
1592,920.3700857142857,920,77.0,186.7192,20.1296,166.5896,,,True
1593,920.3397,920,78.0,186.7192,20.1296,166.5896,,,True
1594,920.3181376623377,920,77.0,186.7192,20.1296,166.5896,,,True
1595,920.3091657894737,920,76.0,186.7192,20.1296,166.5896,,,True
1596,920.2426784946236,920,93.0,186.7192,19.9846,166.7346,,,True
1597,920.2344467391305,920,92.0,186.7192,19.9846,166.7346,,,True
1598,920.2174344444444,920,90.0,186.7192,19.9846,166.7346,,,True
1599,920.2202122222222,920,90.0,186.2192,19.9846,166.2346,,,True
1600,920.2198895441438,920,90.78739999999999,186.2192,20.1296,166.0896,,,True
1601,920.2143821719754,920,90.78739999999999,187.2192,20.1296,167.0896,,,True
1602,920.1916288888889,920,90.0,187.2192,20.1296,167.0896,,,True
1603,920.1769280898876,920,89.0,186.2192,20.1296,166.0896,,,True
1604,920.0384179487179,920,78.0,187.7192,20.1296,167.5896,,,True
1605,920.0129428571429,920,77.0,187.7192,20.1296,167.5896,,,True
1606,919.9999412399071,920,77.0,187.7192,20.1296,167.5896,,,True
1607,919.9659646905325,920,75.0,187.7192,20.1296,167.5896,,,True
1608,919.9659646905325,920,75.0,187.7192,20.1296,167.5896,,,True
1609,919.9659646905325,920,75.0,187.7192,20.1296,167.5896,,,True
1610,919.9659646905325,920,75.0,187.7192,20.1296,167.5896,,,True
1611,919.9659646905325,920,75.0,187.7192,20.1296,167.5896,,,True
1612,919.9659646905325,920,75.0,187.7192,20.1296,167.5896,,,True
1613,919.9659646905325,920,76.0,187.7192,20.1296,167.5896,,,True
1614,919.961370412168,920,76.21260000000001,187.7192,20.1296,167.5896,,,True
1615,919.9382349352438,920,75.99999999999999,186.2192,20.1296,166.0896,,,True
1616,919.8533759633642,920,73.0,186.6444,20.8035,165.84089999999998,,,True
1617,919.805513491452,920,71.99999999999999,187.28679999999997,20.8035,166.48329999999999,,,True
1618,919.8130486725496,920,73.21259999999998,186.1444,20.8035,165.34089999999998,,,True
1619,919.8038947916232,920,73.21259999999998,186.1444,21.767400000000002,164.37699999999998,,,True
1620,919.8038947916232,920,73.21259999999998,186.1444,21.767400000000002,164.37699999999998,,,True
1621,919.8038947916232,920,73.21259999999998,186.1444,21.767400000000002,164.37699999999998,,,True
1622,919.8038947916232,920,71.99999999999999,186.1444,21.767400000000002,164.37699999999998,,,True
1623,919.7943980793849,920,71.99999999999999,186.1444,22.7674,163.37699999999998,,,True
1624,919.538715237846,919,75.64980000000001,188.2868,22.7674,165.5194,,,True
1625,919.538715237846,919,75.64980000000001,188.2868,22.7674,165.5194,,,True
1626,919.5273191989708,919,75.86240000000001,187.78679999999997,22.7674,165.01939999999996,,,True
1627,919.5097734431394,919,73.14720000000003,187.78679999999997,22.7674,165.01939999999996,,,True
1628,919.502937911499,919,73.14719999999998,187.78679999999997,21.767400000000002,166.01939999999996,,,True
1629,919.4869112533586,919,70.8624,187.78679999999997,21.767400000000002,166.01939999999996,,,True
1630,919.4811864263706,919,71.07900000000001,187.78679999999997,20.8035,166.98329999999999,,,True
1631,919.4568437910732,919,74.8664,187.78679999999997,20.8035,166.98329999999999,,,True
1632,919.4232622566717,919,81.4332,187.78679999999997,19.839599999999997,167.94719999999998,,,True
1633,919.4034450307374,919,85.4332,187.78679999999997,19.839599999999997,167.94719999999998,,,True
1634,919.3911190034061,919,83.1472,187.28679999999997,20.8035,166.48329999999999,,,True
1635,919.3769895942189,919,81.1472,187.1444,20.8035,166.34089999999998,,,True
1636,919.3181076486104,919,78.93459999999999,187.1444,21.767400000000002,165.37699999999998,,,True
1637,919.2779750537472,919,84.93459999999999,186.1444,21.767400000000002,164.37699999999998,,,True
1638,919.2430254380465,919,91.86239999999998,186.1444,21.767400000000002,164.37699999999998,,,True
1639,919.245463486965,919,94.1472,187.1444,21.767400000000002,165.37699999999998,,,True
1640,919.225921595778,919,91.86240000000001,187.28679999999997,21.767400000000002,165.51939999999996,,,True
1641,919.1811704793728,919,87.1472,187.78679999999997,21.767400000000002,166.01939999999996,,,True
1642,919.0706849519152,919,77.86240000000001,187.78679999999997,21.767400000000002,166.01939999999996,,,True
1643,918.9675446428571,919,73.64979999999998,188.42919999999998,21.767400000000002,166.66179999999997,,,True
1644,918.8495889511121,919,67.6498,188.42919999999998,22.267400000000002,166.16179999999997,,,True
1645,918.832414516129,919,68.1472,187.1444,22.7674,164.37699999999998,,,True
1646,918.8197746031746,919,68.1472,187.07219999999998,22.7674,164.30479999999997,,,True
1647,918.8098608059589,919,68.1472,187.07219999999998,22.7674,164.30479999999997,,,True
1648,918.5078993670886,918,79.00000000000001,186.70999999999998,22.734699999999997,163.97529999999998,,,True
1649,918.4621585526315,918,76.0,186.70999999999998,22.734699999999997,163.97529999999998,,,True
1650,918.4023331168831,918,77.0,186.70999999999998,22.734699999999997,163.97529999999998,,,True
1651,918.3596733766234,918,76.99999999999999,186.70999999999998,22.734699999999997,163.97529999999998,,,True
1652,918.2429696428571,918,84.0,186.92719999999997,23.088299999999997,163.83889999999997,,,True
1653,918.2000339285714,918,84.0,186.70999999999998,23.088299999999997,163.62169999999998,,,True
1654,918.1490244047619,918,84.0,186.70999999999998,23.088299999999997,163.62169999999998,,,True
1655,918.0848866155728,918,83.7152,186.70999999999998,23.9118,162.79819999999998,,,True
1656,917.9734032434062,918,78.0,186.70999999999998,23.088299999999997,163.62169999999998,,,True
1657,917.9426203175925,918,78.0,186.70999999999998,23.088299999999997,163.62169999999998,,,True
1658,917.9067260477538,918,77.0,186.70999999999998,23.088299999999997,163.62169999999998,,,True
1659,917.8862895586275,918,75.7152,186.70999999999998,23.088299999999997,163.62169999999998,,,True
1660,917.7584134766287,918,67.7152,186.70999999999998,22.9118,163.79819999999998,,,True
1661,917.6536769613963,917,64.71920000000001,186.92719999999997,22.734699999999997,164.19249999999997,,,True
1662,917.5089899196753,917,65.43440000000001,186.92719999999997,22.734699999999997,164.19249999999997,,,True
1663,917.4483099509121,917,66.004,186.92719999999997,22.734699999999997,164.19249999999997,,,True
1664,917.2943158727631,917,85.4344,186.78279999999998,22.9118,163.87099999999998,,,True
1665,917.2534290412588,917,83.43439999999998,186.78279999999998,22.9118,163.87099999999998,,,True
1666,917.2030534947842,917,84.43440000000001,186.78279999999998,22.9118,163.87099999999998,,,True
1667,917.1570093837495,917,83.71919999999999,186.78279999999998,22.9118,163.87099999999998,,,True
1668,917.0748826207583,917,78.7192,186.78279999999998,23.4118,163.37099999999998,,,True
1669,917.0364413906318,917,79.43440000000001,186.78279999999998,23.4118,163.37099999999998,,,True
1670,916.9668696428571,917,79.43439999999998,186.78279999999998,22.9118,163.87099999999998,,,True
1671,916.9205982758621,917,77.4344,186.28279999999998,22.9118,163.37099999999998,,,True
1672,916.8302446153846,917,67.7192,184.6404,23.4118,161.2286,,,True
1673,916.7604985294117,916,68.0,186.5,24.0562,162.4438,,,True
1674,916.7057626865671,916,66.99999999999999,186.5,22.9118,163.5882,,,True
1675,916.6659720588235,916,68.00000000000003,186.5,22.9118,163.5882,,,True
1676,916.4974835294117,916,85.00000000000003,186.5,22.9118,163.5882,,,True
1677,916.449230120482,916,83.0,186.5,22.9118,163.5882,,,True
1678,916.32274375,916,80.0,186.5,23.556199999999997,162.9438,,,True
1679,916.26336875,916,79.99999999999999,186.0,23.556199999999997,162.4438,,,True
1680,916.2083704137816,916,82.9278,185.99939999999998,23.264799999999997,162.73459999999997,,,True
1681,916.1488180722891,916,83.0,185.99939999999998,23.264799999999997,162.73459999999997,,,True
1682,916.0354297287212,916,80.92779999999999,185.0355,22.764799999999997,162.2707,,,True
1683,915.9413197623129,916,75.92779999999999,185.0355,23.550199999999997,161.48530000000002,,,True
1684,915.9395337805223,916,76.0,184.03549999999998,22.764799999999997,161.27069999999998,,,True
1685,915.9374515745794,916,74.92779999999999,184.03549999999998,22.764799999999997,161.27069999999998,,,True
1686,915.9084495266072,916,72.0,184.03549999999998,22.264799999999997,161.77069999999998,,,True
1687,915.8989115891126,916,71.0,184.5355,22.264799999999997,162.2707,,,True
1688,915.6350933468394,915,71.079,186.6444,20.7648,165.87959999999998,,,True
1689,915.594510666584,915,71.00679999999998,186.49939999999998,20.7648,165.73459999999997,,,True
1690,915.5304999026403,915,76.00680000000001,185.99939999999998,23.050199999999997,162.9492,,,True
1691,915.4963441621669,915,79.07900000000002,186.99939999999998,24.1926,162.80679999999998,,,True
1692,915.2403926122954,915,80.079,186.99939999999998,24.1926,162.80679999999998,,,True
1693,915.1387584948013,915,81.07900000000001,186.99939999999998,24.1926,162.80679999999998,,,True
1694,914.9628266129032,915,75.86240000000001,183.8209,24.1926,159.6283,,,True
1695,914.8458911290322,915,68.86239999999998,184.3209,24.1926,160.1283,,,True
1696,914.4942311907265,914,81.21260000000001,186.1444,23.5456,162.59879999999998,,,True
1697,914.3810262640923,914,83.78739999999999,186.1444,23.5456,162.59879999999998,,,True
1698,914.1785068181819,914,88.0,186.1444,23.5456,162.59879999999998,,,True
1699,914.085878021978,914,91.0,185.9318,23.5456,162.3862,,,True
1700,913.7378424555532,913,73.8636,186.1444,23.6906,162.4538,,,True
1701,913.5730699540874,913,78.1484,186.1444,23.6906,162.4538,,,True
1702,913.313066010634,913,87.7192,186.1444,23.477399999999996,162.667,,,True
1703,913.1928905264989,913,92.00399999999999,186.1444,23.477399999999996,162.667,,,True
1704,912.973115572711,913,83.7192,186.4318,23.477399999999996,162.95440000000002,,,True
1705,912.860168115942,913,74.647,185.9318,23.477399999999996,162.45440000000002,,,True
1706,912.6210929577464,912,71.0,186.2192,23.4092,162.81,,,True
1707,912.5086894161075,912,72.92779999999998,186.2192,23.4092,162.81,,,True
1708,912.2790775510205,912,97.99999999999997,185.7192,23.549599999999998,162.1696,,,True
1709,912.0491579170929,912,81.9278,186.2192,23.549599999999998,162.6696,,,True
1710,911.8083408628555,911,72.16040000000002,187.7192,21.9092,165.81,,,True
1711,911.7486768698601,911,71.23259999999999,187.7192,21.9092,165.81,,,True
1712,911.4959451646971,911,87.8704,188.5748,22.267400000000002,166.3074,,,True
1713,911.3273216070314,911,92.65780000000001,189.07479999999998,22.267400000000002,166.80739999999997,,,True
1714,911.0755436419633,911,85.65379999999999,188.3582,22.267400000000002,166.0908,,,True
1715,910.9081300424076,911,75.44120000000001,188.3582,22.267400000000002,166.0908,,,True
1716,910.6891852110368,910,75.07219999999998,188.4665,21.767400000000002,166.6991,,,True
1717,910.5615007550061,910,79.07220000000001,187.1456,21.767400000000002,165.3782,,,True
1718,910.319794117647,910,85.0,187.1456,21.767400000000002,165.3782,,,True
1719,910.2006360465116,910,86.0,187.1456,21.767400000000002,165.3782,,,True
1720,910.008485,910,80.0,188.00459999999998,21.627000000000002,166.37759999999997,,,True
1721,909.8810898315226,910,73.2126,187.75189999999998,21.627000000000002,166.12489999999997,,,True
1722,909.6520322628083,909,70.71919999999999,188.00459999999998,21.4866,166.51799999999997,,,True
1723,909.5615223035475,909,76.64700000000002,188.00459999999998,21.4866,166.51799999999997,,,True
1724,909.2330561046824,909,96.71920000000001,188.00459999999998,22.627,165.37759999999997,,,True
1725,909.1502426182694,909,89.64699999999999,188.00459999999998,22.627,165.37759999999997,,,True
1726,908.8883332300693,909,71.93179999999998,187.0,22.839599999999997,164.1604,,,True
1727,908.7654010375263,908,73.21260000000001,187.78679999999997,22.839599999999997,164.94719999999998,,,True
1728,908.5413365349704,908,89.78739999999999,187.71459999999996,21.9118,165.80279999999996,,,True
1729,908.2809637913329,908,81.21260000000001,187.71459999999996,21.9118,165.80279999999996,,,True
1730,908.1087994923107,908,87.92779999999999,186.9232,21.767400000000002,165.1558,,,True
1731,908.0399926200864,908,82.92779999999999,187.4232,21.767400000000002,165.6558,,,True
1732,907.7152488728035,907,85.43319999999997,188.85500000000002,21.767400000000002,167.0876,,,True
1733,907.5371949849276,907,98.7902,187.49739999999997,21.767400000000002,165.72999999999996,,,True
1734,907.3481441547978,907,103.50540000000001,186.99739999999997,21.767400000000002,165.22999999999996,,,True
1735,907.2819038698325,907,98.43319999999997,187.49739999999997,21.8396,165.65779999999998,,,True
1736,907.0463387418981,907,77.7902,186.355,21.8396,164.5154,,,True
1737,906.834204263245,907,69.7902,186.355,22.839599999999997,163.5154,,,True
1738,906.5124705011896,906,82.71520000000001,187.1444,22.9118,164.2326,,,True
1739,906.3990217391305,906,92.0,187.1444,22.839599999999997,164.3048,,,True
1740,905.9400660777594,905,74.57879999999997,186.4318,21.9118,164.52,,,True
1741,905.6643597299642,905,78.86359999999999,186.4318,21.9118,164.52,,,True
1742,905.3550479118934,905,96.7192,186.64499999999998,20.947899999999997,165.69709999999998,,,True
1743,905.1002103379407,905,85.7192,186.14499999999998,20.947899999999997,165.19709999999998,,,True
1744,904.8056350574712,904,86.99999999999999,187.81949999999998,19.983999999999998,167.83549999999997,,,True
1745,904.4679548192771,904,83.0,188.31949999999998,19.983999999999998,168.33549999999997,,,True
1746,904.1071471910112,904,88.99999999999999,188.63899999999998,19.983999999999998,168.65499999999997,,,True
1747,903.9078184270626,903,82.1444,188.7834,20.056199999999997,168.7272,,,True
1748,903.5545602150495,903,100.14439999999999,186.85559999999998,20.056199999999997,166.7994,,,True
1749,903.3833082552228,903,103.14439999999999,186.85559999999998,20.056199999999997,166.7994,,,True
1750,903.074561741869,903,88.14439999999999,186.78339999999997,20.056199999999997,166.72719999999998,,,True
1751,902.8698630136986,902,73.0,186.85559999999998,20.1284,166.72719999999998,,,True
1752,902.3879392857143,902,98.0,187.8195,20.1284,167.6911,,,True
1753,902.1471939393939,902,99.0,188.7834,20.056199999999997,168.7272,,,True
1754,901.8642569048411,902,69.99999999999999,186.85559999999998,20.056199999999997,166.7994,,,True
1755,901.59895314725,901,74.7192,187.9278,19.988,167.9398,,,True
1756,901.3681104298173,901,99.64699999999999,187.9278,19.988,167.9398,,,True
1757,901.0219330176002,901,76.64699999999999,186.9278,20.988,165.9398,,,True
1758,900.5929950661041,900,86.78740000000002,187.7874,21.8476,165.9398,,,True
1759,900.3503430379747,900,79.0,187.7874,21.8476,165.9398,,,True
1760,900.0991842350873,900,95.78739999999999,187.643,21.631,166.012,,,True
1761,899.6973059255081,899,76.93179999999998,187.643,21.631,166.012,,,True
1762,899.3541433247896,899,91.2166,186.643,21.024700000000003,165.6183,,,True
1763,899.2415809172562,899,91.42920000000001,186.1069,20.418400000000002,165.6885,,,True
1764,898.8101647435898,898,78.0,187.29,21.024700000000003,166.2653,,,True
1765,898.6135659254178,898,82.2126,186.79,21.024700000000003,165.7653,,,True
1766,898.2718645161291,898,93.0,187.29,20.418400000000002,166.8716,,,True
1767,898.1256133203256,898,97.78739999999999,187.29,20.418400000000002,166.8716,,,True
1768,897.7319290881966,897,78.28880000000002,186.50459999999998,20.1697,166.33489999999998,,reviewed_segment_endpoint_guard,False
1769,897.3892933807834,897,98.57360000000003,186.50459999999998,20.1697,166.33489999999998,,reviewed_segment_endpoint_guard,False
1770,897.0569574027504,897,85.5736,186.50459999999998,21.1697,165.33489999999998,,reviewed_segment_endpoint_guard,False
1771,896.7682929359753,896,81.9278,186.7192,20.6697,166.0495,,reviewed_segment_endpoint_guard,False
1772,896.5227785164172,896,97.92780000000002,187.2192,19.6697,167.5495,,reviewed_segment_endpoint_guard,False
1773,896.1961348895003,896,81.92779999999999,187.2192,19.921,167.2982,,reviewed_segment_endpoint_guard,False
1774,895.765248802389,895,77.15360000000001,188.5748,19.633000000000003,168.9418,,reviewed_segment_endpoint_guard,False
1775,895.5873335457009,895,89.15359999999998,187.9324,19.633000000000003,168.2994,,reviewed_segment_endpoint_guard,False
