frame_id,sim_time_s,T_world_from_blade_root,source,units
0,120.025,"[[0.996244490146637, 0.07620839774608612, 0.04109909385442734, -4.584120273590088], [-0.08646330237388611, 0.9007249474525452, 0.42569777369499207, 0.5851807594299316], [-0.004577241837978363, -0.42765262722969055, 0.9039315581321716, 91.38723754882812], [0.0, 0.0, 0.0, 1.0]]",simulation ideal rigid running observation; no deformation,m
1,120.075,"[[0.9955466389656067, 0.08370862156152725, 0.043356962502002716, -4.587810039520264], [-0.09381453692913055, 0.9249166250228882, 0.36841270327568054, 0.502600371837616], [-0.00926225632429123, -0.37083956599235535, 0.9286507368087769, 91.42393493652344], [0.0, 0.0, 0.0, 1.0]]",simulation ideal rigid running observation; no deformation,m
2,120.125,"[[0.9947929382324219, 0.09132075309753418, 0.04525126516819, -4.592570781707764], [-0.10087931901216507, 0.9454915523529053, 0.30962756276130676, 0.41760069131851196], [-0.01450926810503006, -0.3125801682472229, 0.9497805833816528, 91.45516967773438], [0.0, 0.0, 0.0, 1.0]]",simulation ideal rigid running observation; no deformation,m
3,120.175,"[[0.993981122970581, 0.09906983375549316, 0.04676268249750137, -4.5984272956848145], [-0.1076585054397583, 0.9623565077781677, 0.2495584487915039, 0.3306272327899933], [-0.020278649404644966, -0.2530907988548279, 0.967229962348938, 91.48070526123047], [0.0, 0.0, 0.0, 1.0]]",simulation ideal rigid running observation; no deformation,m
4,120.225,"[[0.9931135177612305, 0.10692845284938812, 0.04787341132760048, -4.605407238006592], [-0.1141091138124466, 0.9754296541213989, 0.1884576976299286, 0.24207530915737152], [-0.026545647531747818, -0.19262269139289856, 0.9809137582778931, 91.5003662109375], [0.0, 0.0, 0.0, 1.0]]",simulation ideal rigid running observation; no deformation,m
5,120.275,"[[0.9921972751617432, 0.11482273787260056, 0.04858380928635597, -4.61350679397583], [-0.12014741450548172, 0.9846547842025757, 0.12656837701797485, 0.1521635204553604], [-0.03330536186695099, -0.13141800463199615, 0.9907673597335815, 91.51409149169922], [0.0, 0.0, 0.0, 1.0]]",simulation ideal rigid running observation; no deformation,m
6,120.325,"[[0.9912387132644653, 0.12268728762865067, 0.04892602562904358, -4.622593402862549], [-0.1256987303495407, 0.9899932146072388, 0.06413482129573822, 0.06124823912978172], [-0.04056788980960846, -0.06972283869981766, 0.9967411160469055, 91.52198028564453], [0.0, 0.0, 0.0, 1.0]]",simulation ideal rigid running observation; no deformation,m
7,120.375,"[[0.990246593952179, 0.13044962286949158, 0.04893478751182556, -4.632458686828613], [-0.13067498803138733, 0.9914242625236511, 0.0014210521476343274, -0.03033098205924034], [-0.04832976311445236, -0.0078017450869083405, 0.9988009333610535, 91.52416229248047], [0.0, 0.0, 0.0, 1.0]]",simulation ideal rigid running observation; no deformation,m
8,120.425,"[[0.9892287254333496, 0.1380668431520462, 0.04862253740429878, -4.643031120300293], [-0.13501308858394623, 0.988944411277771, -0.06132171303033829, -0.12220636755228043], [-0.0565514862537384, 0.054096512496471405, 0.9969330430030823, 91.52066802978516], [0.0, 0.0, 0.0, 1.0]]",simulation ideal rigid running observation; no deformation,m
9,120.475,"[[0.9881889224052429, 0.14554309844970703, 0.04795617610216141, -4.654494762420654], [-0.13870422542095184, 0.9825603365898132, -0.12384002655744553, -0.21385203301906586], [-0.0651438981294632, 0.11572560667991638, 0.9911426901817322, 91.51134490966797], [0.0, 0.0, 0.0, 1.0]]",simulation ideal rigid running observation; no deformation,m
10,120.525,"[[0.9871367812156677, 0.152846097946167, 0.04689598083496094, -4.667032718658447], [-0.1417199671268463, 0.9723033308982849, -0.18585355579853058, -0.30496081709861755], [-0.07400411367416382, 0.17681677639484406, 0.9814576506614685, 91.49598693847656], [0.0, 0.0, 0.0, 1.0]]",simulation ideal rigid running observation; no deformation,m
11,120.575,"[[0.9860776662826538, 0.1599583774805069, 0.045434463769197464, -4.68060302734375], [-0.144053652882576, 0.9582201242446899, -0.24710874259471893, -0.3952462077140808], [-0.08306331932544708, 0.23712339997291565, 0.9679219722747803, 91.474609375], [0.0, 0.0, 0.0, 1.0]]",simulation ideal rigid running observation; no deformation,m
12,120.625,"[[0.9850093126296997, 0.16690200567245483, 0.04359471797943115, -4.695013046264648], [-0.14572931826114655, 0.9403505325317383, -0.30741459131240845, -0.4844132661819458], [-0.09230241924524307, 0.29645317792892456, 0.9505766034126282, 91.44734954833984], [0.0, 0.0, 0.0, 1.0]]",simulation ideal rigid running observation; no deformation,m
13,120.675,"[[0.9839308857917786, 0.17367738485336304, 0.0414300374686718, -4.709971904754639], [-0.14674045145511627, 0.9187605381011963, -0.36653265357017517, -0.5722070336341858], [-0.10172273218631744, 0.35456329584121704, 0.9294823408126831, 91.41450500488281], [0.0, 0.0, 0.0, 1.0]]",simulation ideal rigid running observation; no deformation,m
14,120.725,"[[0.9828396439552307, 0.18029409646987915, 0.03899073228240013, -4.725174903869629], [-0.14708355069160461, 0.8935391306877136, -0.4242101311683655, -0.658261239528656], [-0.1113223284482956, 0.41119563579559326, 0.9047240018844604, 91.37638092041016], [0.0, 0.0, 0.0, 1.0]]",simulation ideal rigid running observation; no deformation,m
15,120.775,"[[0.9817350506782532, 0.18676209449768066, 0.036280348896980286, -4.74053955078125], [-0.14676600694656372, 0.8647795915603638, -0.4802247881889343, -0.7421372532844543], [-0.1210622787475586, 0.46612876653671265, 0.8763949275016785, 91.3331527709961], [0.0, 0.0, 0.0, 1.0]]",simulation ideal rigid running observation; no deformation,m
16,120.825,"[[0.9806263446807861, 0.19304350018501282, 0.033258602023124695, -4.756296157836914], [-0.14578214287757874, 0.8326056003570557, -0.5343365669250488, -0.823362410068512], [-0.13084149360656738, 0.5191359519958496, 0.8446173071861267, 91.2847671508789], [0.0, 0.0, 0.0, 1.0]]",simulation ideal rigid running observation; no deformation,m
17,120.875,"[[0.9795274138450623, 0.19908100366592407, 0.029880911111831665, -4.772707939147949], [-0.1441291868686676, 0.7971543669700623, -0.5863205194473267, -0.9014679789543152], [-0.14054495096206665, 0.570010244846344, 0.8095278739929199, 91.23116302490234], [0.0, 0.0, 0.0, 1.0]]",simulation ideal rigid running observation; no deformation,m
18,120.925,"[[0.9784551858901978, 0.20479360222816467, 0.02617334946990013, -4.789670944213867], [-0.1417650580406189, 0.7585965991020203, -0.6359511017799377, -0.976187527179718], [-0.15009374916553497, 0.6185392141342163, 0.7712852358818054, 91.17255401611328], [0.0, 0.0, 0.0, 1.0]]",simulation ideal rigid running observation; no deformation,m
19,120.975,"[[0.9774183630943298, 0.2101421356201172, 0.02221730351448059, -4.806766510009766], [-0.138642817735672, 0.7170762419700623, -0.6830664277076721, -1.0474328994750977], [-0.15947255492210388, 0.6645614504814148, 0.7300182580947876, 91.1093521118164], [0.0, 0.0, 0.0, 1.0]]",simulation ideal rigid running observation; no deformation,m
20,121.025,"[[0.9764127731323242, 0.2151559293270111, 0.01806217059493065, -4.823659420013428], [-0.13479089736938477, 0.6727733016014099, -0.7274664640426636, -1.1148104667663574], [-0.16867047548294067, 0.7078729867935181, 0.6859054565429688, 91.04214477539062], [0.0, 0.0, 0.0, 1.0]]",simulation ideal rigid running observation; no deformation,m
21,121.075,"[[0.9754387140274048, 0.21984204649925232, 0.013744145631790161, -4.840183734893799], [-0.13022679090499878, 0.6258900761604309, -0.768962025642395, -1.1780726909637451], [-0.1776524931192398, 0.7482853531837463, 0.6391468048095703, 90.97129821777344], [0.0, 0.0, 0.0, 1.0]]",simulation ideal rigid running observation; no deformation,m
22,121.125,"[[0.9745025634765625, 0.2241845726966858, 0.009275145828723907, -4.856308460235596], [-0.12496577948331833, 0.5766153335571289, -0.8074022531509399, -1.2370916604995728], [-0.18635529279708862, 0.7856564521789551, 0.5899285674095154, 90.89701843261719], [0.0, 0.0, 0.0, 1.0]]",simulation ideal rigid running observation; no deformation,m
23,121.175,"[[0.97360759973526, 0.22818216681480408, 0.0046081021428108215, -4.872248649597168], [-0.11908848583698273, 0.5251437425613403, -0.8426399230957031, -1.2914233207702637], [-0.19469529390335083, 0.8198516964912415, 0.5384577512741089, 90.8193359375], [0.0, 0.0, 0.0, 1.0]]",simulation ideal rigid running observation; no deformation,m
24,121.225,"[[0.9727649092674255, 0.23179404437541962, -0.00025898218154907227, -4.888180732727051], [-0.11263234913349152, 0.47170454263687134, -0.8745334148406982, -1.340854287147522], [-0.2025894820690155, 0.8507446646690369, 0.48496514558792114, 90.73835754394531], [0.0, 0.0, 0.0, 1.0]]",simulation ideal rigid running observation; no deformation,m
25,121.275,"[[0.971979558467865, 0.2350061535835266, -0.005279358476400375, -4.904034614562988], [-0.10560134053230286, 0.4164790213108063, -0.9029914736747742, -1.3853638172149658], [-0.21000981330871582, 0.8782468438148499, 0.42962607741355896, 90.65435791015625], [0.0, 0.0, 0.0, 1.0]]",simulation ideal rigid running observation; no deformation,m
26,121.325,"[[0.9712411165237427, 0.23786935210227966, -0.010433480143547058, -4.91959810256958], [-0.09805878251791, 0.3596824109554291, -0.9279078841209412, -1.4246859550476074], [-0.2169681191444397, 0.9022453427314758, 0.3726634681224823, 90.5678482055664], [0.0, 0.0, 0.0, 1.0]]",simulation ideal rigid running observation; no deformation,m
27,121.375,"[[0.9705383777618408, 0.2404344379901886, -0.015702079981565475, -4.934637069702148], [-0.09005431085824966, 0.30152422189712524, -0.9491961002349854, -1.458635687828064], [-0.22348487377166748, 0.9226453304290771, 0.3142930269241333, 90.47944641113281], [0.0, 0.0, 0.0, 1.0]]",simulation ideal rigid running observation; no deformation,m
28,121.425,"[[0.9698671102523804, 0.24272167682647705, -0.021070830523967743, -4.948994159698486], [-0.08162876218557358, 0.24224579334259033, -0.9667748808860779, -1.4870500564575195], [-0.22955289483070374, 0.9393631219863892, 0.2547593116760254, 90.38965606689453], [0.0, 0.0, 0.0, 1.0]]",simulation ideal rigid running observation; no deformation,m
29,121.475,"[[0.9692360162734985, 0.24470224976539612, -0.026502370834350586, -4.962554931640625], [-0.07278702408075333, 0.18209902942180634, -0.9805824160575867, -1.5099307298660278], [-0.23512470722198486, 0.9523448944091797, 0.1943081021308899, 90.29883575439453], [0.0, 0.0, 0.0, 1.0]]",simulation ideal rigid running observation; no deformation,m
30,121.525,"[[0.9686614274978638, 0.24632233381271362, -0.031943920999765396, -4.975282192230225], [-0.06352333724498749, 0.12134397774934769, -0.9905757904052734, -1.5273749828338623], [-0.24012470245361328, 0.9615617394447327, 0.1331884264945984, 90.20716857910156], [0.0, 0.0, 0.0, 1.0]]",simulation ideal rigid running observation; no deformation,m
31,121.575,"[[0.9681589603424072, 0.2475268840789795, -0.037399452179670334, -4.987325668334961], [-0.0539088100194931, 0.06025721877813339, -0.9967260956764221, -1.5391972064971924], [-0.24446290731430054, 0.9670054316520691, 0.07168245315551758, 90.1148452758789], [0.0, 0.0, 0.0, 1.0]]",simulation ideal rigid running observation; no deformation,m
32,121.625,"[[0.9677419066429138, 0.24827003479003906, -0.04286649078130722, -4.998847961425781], [-0.0440194346010685, -0.0009081391617655754, -0.9990302324295044, -1.5452812910079956], [-0.2480682134628296, 0.9686903953552246, 0.01004986371845007, 90.02206420898438], [0.0, 0.0, 0.0, 1.0]]",simulation ideal rigid running observation; no deformation,m
33,121.675,"[[0.9674133062362671, 0.24855342507362366, -0.04830007255077362, -5.00978946685791], [-0.03389231488108635, -0.061925120651721954, -0.997505247592926, -1.5457491874694824], [-0.250924289226532, 0.9666366577148438, -0.05148312821984291, 89.92925262451172], [0.0, 0.0, 0.0, 1.0]]",simulation ideal rigid running observation; no deformation,m
34,121.725,"[[0.9671621322631836, 0.24842539429664612, -0.05368688702583313, -5.019956111907959], [-0.02358112297952175, -0.12261222302913666, -0.992174506187439, -1.5406084060668945], [-0.25306400656700134, 0.9608595371246338, -0.11272775381803513, 89.83694458007812], [0.0, 0.0, 0.0, 1.0]]",simulation ideal rigid running observation; no deformation,m
35,121.775,"[[0.9669740200042725, 0.24794653058052063, -0.05902271345257759, -5.029170989990234], [-0.013147477060556412, -0.18274244666099548, -0.9830728769302368, -1.529857873916626], [-0.2545354664325714, 0.951382040977478, -0.1734473556280136, 89.7457046508789], [0.0, 0.0, 0.0, 1.0]]",simulation ideal rigid running observation; no deformation,m
36,121.825,"[[0.9668405055999756, 0.24714723229408264, -0.0643249899148941, -5.037450790405273], [-0.0026641525328159332, -0.24210385978221893, -0.9702466726303101, -1.513373613357544], [-0.25536710023880005, 0.9382451176643372, -0.23341740667819977, 89.6558609008789], [0.0, 0.0, 0.0, 1.0]]",simulation ideal rigid running observation; no deformation,m
37,121.875,"[[0.9667609930038452, 0.24602961540222168, -0.06958992779254913, -5.044881820678711], [0.007812459021806717, -0.30047106742858887, -0.953758955001831, -1.4911236763000488], [-0.2555627226829529, 0.9215131998062134, -0.29240578413009644, 89.56761169433594], [0.0, 0.0, 0.0, 1.0]]",simulation ideal rigid running observation; no deformation,m
38,121.925,"[[0.9667375683784485, 0.24460245668888092, -0.07475404441356659, -5.051458835601807], [0.01828707382082939, -0.35762378573417664, -0.9336866736412048, -1.4633595943450928], [-0.2551158666610718, 0.9012629389762878, -0.35020142793655396, 89.4810791015625], [0.0, 0.0, 0.0, 1.0]]",simulation ideal rigid running observation; no deformation,m
39,121.975,"[[0.9667722582817078, 0.24287442862987518, -0.0797712504863739, -5.057137489318848], [0.028729453682899475, -0.4132927358150482, -0.9101449847221375, -1.4302946329116821], [-0.2540197968482971, 0.877610981464386, -0.40653759241104126, 89.39656829833984], [0.0, 0.0, 0.0, 1.0]]",simulation ideal rigid running observation; no deformation,m
40,122.025,"[[0.9668647050857544, 0.24085292220115662, -0.08463166654109955, -5.061861515045166], [0.03910709172487259, -0.4673357605934143, -0.8832144737243652, -1.392034649848938], [-0.252276211977005, 0.850639283657074, -0.4612695276737213, 89.31439971923828], [0.0, 0.0, 0.0, 1.0]]",simulation ideal rigid running observation; no deformation,m
41,122.075,"[[0.9670128226280212, 0.23855240643024445, -0.08932531625032425, -5.065554618835449], [0.04937291890382767, -0.5195497870445251, -0.8530125021934509, -1.34879732131958], [-0.24989712238311768, 0.8204637169837952, -0.5141893029212952, 89.23503112792969], [0.0, 0.0, 0.0, 1.0]]",simulation ideal rigid running observation; no deformation,m
42,122.125,"[[0.9672176241874695, 0.23596656322479248, -0.09386081248521805, -5.068258285522461], [0.059451233595609665, -0.5697324872016907, -0.8196770548820496, -1.300750970840454], [-0.24689193069934845, 0.7872259616851807, -0.5650838017463684, 89.15894317626953], [0.0, 0.0, 0.0, 1.0]]",simulation ideal rigid running observation; no deformation,m
43,122.175,"[[0.9674860239028931, 0.23306715488433838, -0.09823743253946304, -5.070126533508301], [0.06927108019590378, -0.6177264451980591, -0.7833362817764282, -1.2479958534240723], [-0.24325378239154816, 0.7510616779327393, -0.6137865781784058, 89.08633422851562], [0.0, 0.0, 0.0, 1.0]]",simulation ideal rigid running observation; no deformation,m
44,122.225,"[[0.9678244590759277, 0.22983956336975098, -0.10241857171058655, -5.071342945098877], [0.0787796825170517, -0.6633365750312805, -0.744162917137146, -1.1907590627670288], [-0.23897603154182434, 0.7121504545211792, -0.6601001024246216, 89.01734924316406], [0.0, 0.0, 0.0, 1.0]]",simulation ideal rigid running observation; no deformation,m
45,122.275,"[[0.9682344794273376, 0.22628659009933472, -0.10637892782688141, -5.0720438957214355], [0.08793413639068604, -0.7064151763916016, -0.7023141980171204, -1.129177451133728], [-0.23407195508480072, 0.6706503629684448, -0.7038738131523132, 88.95211791992188], [0.0, 0.0, 0.0, 1.0]]",simulation ideal rigid running observation; no deformation,m
46,122.325,"[[0.9687086939811707, 0.22244691848754883, -0.11009488999843597, -5.0722761154174805], [0.09670735150575638, -0.746794581413269, -0.657986044883728, -1.0635321140289307], [-0.22858524322509766, 0.6267497539520264, -0.7449386715888977, 88.89087677001953], [0.0, 0.0, 0.0, 1.0]]",simulation ideal rigid running observation; no deformation,m
47,122.375,"[[0.9692357182502747, 0.2183656394481659, -0.113571897149086, -5.072026252746582], [0.10507752746343613, -0.7843567132949829, -0.6113455295562744, -0.9940509796142578], [-0.22257772088050842, 0.5806039571762085, -0.7831718921661377, 88.83390808105469], [0.0, 0.0, 0.0, 1.0]]",simulation ideal rigid running observation; no deformation,m
48,122.425,"[[0.9698058366775513, 0.2140742838382721, -0.1168287992477417, -5.071250915527344], [0.11301842331886292, -0.8190038800239563, -0.5625473260879517, -0.9209101796150208], [-0.21611014008522034, 0.5323578715324402, -0.8184690475463867, 88.781494140625], [0.0, 0.0, 0.0, 1.0]]",simulation ideal rigid running observation; no deformation,m
49,122.475,"[[0.9704105854034424, 0.20961672067642212, -0.11985081434249878, -5.069934844970703], [0.120536670088768, -0.8506270051002502, -0.5117660760879517, -0.8444764614105225], [-0.20922306180000305, 0.48217684030532837, -0.8507239818572998, 88.73381805419922], [0.0, 0.0, 0.0, 1.0]]",simulation ideal rigid running observation; no deformation,m
50,122.525,"[[0.9710525274276733, 0.20499810576438904, -0.1226092129945755, -5.068210601806641], [0.1276104599237442, -0.8791211843490601, -0.4591965973377228, -0.7650074362754822], [-0.20192278921604156, 0.43025776743888855, -0.8798326253890991, 88.69091796875], [0.0, 0.0, 0.0, 1.0]]",simulation ideal rigid running observation; no deformation,m
51,122.575,"[[0.9717376232147217, 0.20021101832389832, -0.12506622076034546, -5.066226959228516], [0.13420329988002777, -0.9043900966644287, -0.4050532579421997, -0.6827569603919983], [-0.19420477747917175, 0.3768211901187897, -0.905698835849762, 88.65274810791016], [0.0, 0.0, 0.0, 1.0]]",simulation ideal rigid running observation; no deformation,m
52,122.625,"[[0.972466230392456, 0.19527778029441833, -0.12718477845191956, -5.06402587890625], [0.1403021216392517, -0.9263537526130676, -0.3495483994483948, -0.5981274247169495], [-0.18607711791992188, 0.32207971811294556, -0.9282456636428833, 88.61933898925781], [0.0, 0.0, 0.0, 1.0]]",simulation ideal rigid running observation; no deformation,m
53,122.675,"[[0.9732337594032288, 0.1902250349521637, -0.12895937263965607, -5.061547756195068], [0.14589038491249084, -0.9449556469917297, -0.29287341237068176, -0.5115156769752502], [-0.17757274210453033, 0.266220360994339, -0.9474146962165833, 88.5908203125], [0.0, 0.0, 0.0, 1.0]]",simulation ideal rigid running observation; no deformation,m
54,122.725,"[[0.9740372896194458, 0.18504489958286285, -0.1304215043783188, -5.058732986450195], [0.15090590715408325, -0.9601471424102783, -0.23525525629520416, -0.42317014932632446], [-0.1687566190958023, 0.20946599543094635, -0.9631433486938477, 88.56743621826172], [0.0, 0.0, 0.0, 1.0]]",simulation ideal rigid running observation; no deformation,m
55,122.775,"[[0.9748738408088684, 0.17973211407661438, -0.13159529864788055, -5.055562496185303], [0.15530501306056976, -0.971899151802063, -0.17689624428749084, -0.33335018157958984], [-0.15969130396842957, 0.1520141065120697, -0.9753925204277039, 88.54936981201172], [0.0, 0.0, 0.0, 1.0]]",simulation ideal rigid running observation; no deformation,m
56,122.825,"[[0.9757345914840698, 0.1743272840976715, -0.13248372077941895, -5.05206823348999], [0.1590944081544876, -0.9801813364028931, -0.11804035305976868, -0.24259310960769653], [-0.15043573081493378, 0.09409865736961365, -0.984131395816803, 88.53672790527344], [0.0, 0.0, 0.0, 1.0]]",simulation ideal rigid running observation; no deformation,m
57,122.875,"[[0.9766180515289307, 0.1688380241394043, -0.1330825835466385, -5.0483174324035645], [0.16226276755332947, -0.9849896430969238, -0.05887307971715927, -0.15118172764778137], [-0.14102499186992645, 0.03590215742588043, -0.9893547892570496, 88.52949523925781], [0.0, 0.0, 0.0, 1.0]]",simulation ideal rigid running observation; no deformation,m
58,122.925,"[[0.9775240421295166, 0.16327951848506927, -0.13336677849292755, -5.0444159507751465], [0.164801225066185, -0.9863266944885254, 0.0003764740831684321, -0.05945787951350212], [-0.13148176670074463, -0.022347021847963333, -0.9910667538642883, 88.52751922607422], [0.0, 0.0, 0.0, 1.0]]",simulation ideal rigid running observation; no deformation,m
59,122.975,"[[0.9784508943557739, 0.15767692029476166, -0.13331067562103271, -5.040481090545654], [0.16671070456504822, -0.984209418296814, 0.059493646025657654, 0.03225091099739075], [-0.12182484567165375, -0.08043593168258667, -0.9892870187759399, 88.53067779541016], [0.0, 0.0, 0.0, 1.0]]",simulation ideal rigid running observation; no deformation,m
60,123.025,"[[0.9793931245803833, 0.15206864476203918, -0.13290712237358093, -5.036543846130371], [0.16801117360591888, -0.9786583781242371, 0.11832129210233688, 0.12363675236701965], [-0.11207771301269531, -0.13821293413639069, -0.9840405583381653, 88.53887939453125], [0.0, 0.0, 0.0, 1.0]]",simulation ideal rigid running observation; no deformation,m
61,123.075,"[[0.9803287982940674, 0.1465727984905243, -0.1321813464164734, -5.032594680786133], [0.16880230605602264, -0.9696881175041199, 0.17666541039943695, 0.21395811438560486], [-0.10228034108877182, -0.19550271332263947, -0.9753550291061401, 88.5521240234375], [0.0, 0.0, 0.0, 1.0]]",simulation ideal rigid running observation; no deformation,m
62,123.125,"[[0.9812615513801575, 0.14115622639656067, -0.13115142285823822, -5.028558731079102], [0.16903533041477203, -0.9573501348495483, 0.2343241274356842, 0.3032051622867584], [-0.09248153120279312, -0.25210246443748474, -0.9632713198661804, 88.57044982910156], [0.0, 0.0, 0.0, 1.0]]",simulation ideal rigid running observation; no deformation,m
63,123.175,"[[0.982196033000946, 0.1357855349779129, -0.12981988489627838, -5.024340629577637], [0.16866566240787506, -0.9417003989219666, 0.2911222279071808, 0.39134934544563293], [-0.0827212780714035, -0.3078352212905884, -0.9478368163108826, 88.59386444091797], [0.0, 0.0, 0.0, 1.0]]",simulation ideal rigid running observation; no deformation,m
64,123.225,"[[0.9831152558326721, 0.13055558502674103, -0.12821751832962036, -5.019880771636963], [0.16777950525283813, -0.9227983355522156, 0.34683337807655334, 0.4776216447353363], [-0.07303786277770996, -0.36248940229415894, -0.9291216135025024, 88.62227630615234], [0.0, 0.0, 0.0, 1.0]]",simulation ideal rigid running observation; no deformation,m
65,123.275,"[[0.984024167060852, 0.1254429668188095, -0.12633436918258667, -5.015141487121582], [0.1663394570350647, -0.9007440209388733, 0.4012371897697449, 0.5618209838867188], [-0.06346254795789719, -0.4158415198326111, -0.907220184803009, 88.65548706054688], [0.0, 0.0, 0.0, 1.0]]",simulation ideal rigid running observation; no deformation,m
66,123.325,"[[0.9849268198013306, 0.12043730914592743, -0.12415322661399841, -5.010189533233643], [0.16432280838489532, -0.8756232261657715, 0.4541827142238617, 0.6437395811080933], [-0.054010920226573944, -0.46773791313171387, -0.8822153806686401, 88.69326782226562], [0.0, 0.0, 0.0, 1.0]]",simulation ideal rigid running observation; no deformation,m
67,123.375,"[[0.9858162999153137, 0.11557721346616745, -0.12168954312801361, -5.005169868469238], [0.16176162660121918, -0.8475468158721924, 0.5054677128791809, 0.7228233218193054], [-0.04471702128648758, -0.5179830193519592, -0.8542213439941406, 88.73533630371094], [0.0, 0.0, 0.0, 1.0]]",simulation ideal rigid running observation; no deformation,m
68,123.425,"[[0.9867001175880432, 0.11080410331487656, -0.11893393099308014, -5.000042915344238], [0.1585959792137146, -0.8166448473930359, 0.5549221038818359, 0.7990352511405945], [-0.03563912212848663, -0.5664042234420776, -0.823356568813324, 88.78155517578125], [0.0, 0.0, 0.0, 1.0]]",simulation ideal rigid running observation; no deformation,m
69,123.475,"[[0.9875748157501221, 0.10610947012901306, -0.11591747403144836, -4.994738578796387], [0.1548406183719635, -0.7830101251602173, 0.6024280786514282, 0.8721244931221008], [-0.026841238141059875, -0.612891435623169, -0.7897111177444458, 88.83192443847656], [0.0, 0.0, 0.0, 1.0]]",simulation ideal rigid running observation; no deformation,m
70,123.525,"[[0.9884283542633057, 0.1015448272228241, -0.11268602311611176, -4.989283561706543], [0.15057285130023956, -0.746758759021759, 0.6478264927864075, 0.941623866558075], [-0.018365859985351562, -0.6572974920272827, -0.7534074187278748, 88.88636779785156], [0.0, 0.0, 0.0, 1.0]]",simulation ideal rigid running observation; no deformation,m
71,123.575,"[[0.9892630577087402, 0.09711533039808273, -0.10921210050582886, -4.98369026184082], [0.14578796923160553, -0.7080425024032593, 0.6909570097923279, 1.0075706243515015], [-0.01022428274154663, -0.6994600892066956, -0.714598536491394, 88.94461822509766], [0.0, 0.0, 0.0, 1.0]]",simulation ideal rigid running observation; no deformation,m
72,123.625,"[[0.9900714159011841, 0.09288830310106277, -0.10550104081630707, -4.978018760681152], [0.14054524898529053, -0.6669604778289795, 0.7317177057266235, 1.0697565078735352], [-0.002396993339061737, -0.7392804622650146, -0.6733934283256531, 89.00643157958984], [0.0, 0.0, 0.0, 1.0]]",simulation ideal rigid running observation; no deformation,m
73,123.675,"[[0.9908444881439209, 0.08893320709466934, -0.10157878696918488, -4.9723100662231445], [0.13491162657737732, -0.6236893534660339, 0.7699417471885681, 1.1278108358383179], [0.005119778215885162, -0.7765966653823853, -0.629977285861969, 89.0715103149414], [0.0, 0.0, 0.0, 1.0]]",simulation ideal rigid running observation; no deformation,m
74,123.725,"[[0.9915844202041626, 0.08524956554174423, -0.09743110835552216, -4.966548442840576], [0.12887412309646606, -0.5783731937408447, 0.8055284023284912, 1.1817272901535034], [0.012319423258304596, -0.8113057017326355, -0.5844923257827759, 89.13960266113281], [0.0, 0.0, 0.0, 1.0]]",simulation ideal rigid running observation; no deformation,m
75,123.775,"[[0.992283821105957, 0.08186686038970947, -0.0931161493062973, -4.960760116577148], [0.12249485403299332, -0.5311374664306641, 0.8383841514587402, 1.2310993671417236], [0.019178420305252075, -0.8433212041854858, -0.5370673537254333, 89.2105484008789], [0.0, 0.0, 0.0, 1.0]]",simulation ideal rigid running observation; no deformation,m
76,123.825,"[[0.9929409027099609, 0.07877179235219955, -0.08867490291595459, -4.954913139343262], [0.11580192297697067, -0.4821237027645111, 0.8684161305427551, 1.275714635848999], [0.025654412806034088, -0.8725546598434448, -0.48784229159355164, 89.28421783447266], [0.0, 0.0, 0.0, 1.0]]",simulation ideal rigid running observation; no deformation,m
77,123.875,"[[0.9935620427131653, 0.07591666281223297, -0.0840902328491211, -4.948949337005615], [0.10876578837633133, -0.43155673146247864, 0.8955047726631165, 1.3156569004058838], [0.031694039702415466, -0.8988857269287109, -0.4370355010032654, 89.3603286743164], [0.0, 0.0, 0.0, 1.0]]",simulation ideal rigid running observation; no deformation,m
78,123.925,"[[0.994145393371582, 0.07329621911048889, -0.07938896864652634, -4.943012714385986], [0.10142114758491516, -0.37960085272789, 0.9195744395256042, 1.3507856130599976], [0.03726521134376526, -0.9222423434257507, -0.3848121762275696, 89.43858337402344], [0.0, 0.0, 0.0, 1.0]]",simulation ideal rigid running observation; no deformation,m
79,123.975,"[[0.9946898221969604, 0.07091366499662399, -0.07458832859992981, -4.937255859375], [0.09380290657281876, -0.32647401094436646, 0.9405401945114136, 1.38101065158844], [0.042346008121967316, -0.9425423741340637, -0.3313922882080078, 89.5185775756836], [0.0, 0.0, 0.0, 1.0]]",simulation ideal rigid running observation; no deformation,m
80,124.025,"[[0.9951972365379333, 0.06875664740800858, -0.06967739760875702, -4.931678771972656], [0.0859149619936943, -0.27236583828926086, 0.958350419998169, 1.4064558744430542], [0.0469152107834816, -0.9597340226173401, -0.2769649922847748, 89.5999984741211], [0.0, 0.0, 0.0, 1.0]]",simulation ideal rigid running observation; no deformation,m
81,124.075,"[[0.995664656162262, 0.06682772934436798, -0.06469812989234924, -4.92628812789917], [0.07781919091939926, -0.21747200191020966, 0.9729593992233276, 1.4269936084747314], [0.05095064640045166, -0.9737762212753296, -0.22172969579696655, 89.68260192871094], [0.0, 0.0, 0.0, 1.0]]",simulation ideal rigid running observation; no deformation,m
82,124.125,"[[0.9960912466049194, 0.06512654572725296, -0.0596715472638607, -4.921069622039795], [0.0695548728108406, -0.16192089021205902, 0.9843493700027466, 1.4425597190856934], [0.05444522947072983, -0.9846522808074951, -0.16581782698631287, 89.76624298095703], [0.0, 0.0, 0.0, 1.0]]",simulation ideal rigid running observation; no deformation,m
83,124.175,"[[0.9964767098426819, 0.06367110460996628, -0.05459124222397804, -4.9159770011901855], [0.06113823503255844, -0.10587404668331146, 0.9924982190132141, 1.4531834125518799], [0.05741366744041443, -0.992339015007019, -0.10939376056194305, 89.8507080078125], [0.0, 0.0, 0.0, 1.0]]",simulation ideal rigid running observation; no deformation,m
84,124.225,"[[0.9968172907829285, 0.06249642372131348, -0.04949245601892471, -4.910984516143799], [0.052626579999923706, -0.049540020525455475, 0.9973846673965454, 1.4587074518203735], [0.05988110601902008, -0.9968148469924927, -0.052671320736408234, 89.93567657470703], [0.0, 0.0, 0.0, 1.0]]",simulation ideal rigid running observation; no deformation,m
85,124.275,"[[0.9971111416816711, 0.061635613441467285, -0.044389281421899796, -4.906039714813232], [0.04404503107070923, 0.006933378055691719, 0.9990054965019226, 1.459108591079712], [0.06188206374645233, -0.9980745911598206, 0.004198606591671705, 90.0208740234375], [0.0, 0.0, 0.0, 1.0]]",simulation ideal rigid running observation; no deformation,m
86,124.325,"[[0.9973577857017517, 0.06111333519220352, -0.039277490228414536, -4.901103496551514], [0.035396259278059006, 0.06334487348794937, 0.997363805770874, 1.4545282125473022], [0.06344024091959, -0.9961187839508057, 0.061014316976070404, 90.10596466064453], [0.0, 0.0, 0.0, 1.0]]",simulation ideal rigid running observation; no deformation,m
87,124.375,"[[0.9975559115409851, 0.06094072759151459, -0.03418295457959175, -4.8961873054504395], [0.026709439232945442, 0.11948692053556442, 0.9924764037132263, 1.444994568824768], [0.06456664204597473, -0.9909636974334717, 0.11756720393896103, 90.19055938720703], [0.0, 0.0, 0.0, 1.0]]",simulation ideal rigid running observation; no deformation,m
88,124.425,"[[0.9977067708969116, 0.06109457463026047, -0.029131224378943443, -4.891231060028076], [0.01801365055143833, 0.17519605159759521, 0.9843688011169434, 1.4304981231689453], [0.06524325907230377, -0.9826360940933228, 0.17369376122951508, 90.27442932128906], [0.0, 0.0, 0.0, 1.0]]",simulation ideal rigid running observation; no deformation,m
89,124.475,"[[0.9978132247924805, 0.061534419655799866, -0.024130240082740784, -4.886112689971924], [0.009329266846179962, 0.2303042858839035, 0.9730739593505859, 1.4110934734344482], [0.06543482840061188, -0.9711710810661316, 0.22922658920288086, 90.35736846923828], [0.0, 0.0, 0.0, 1.0]]",simulation ideal rigid running observation; no deformation,m
90,124.525,"[[0.9978780150413513, 0.06221683323383331, -0.01920054294168949, -4.880814075469971], [0.0006997846066951752, 0.28461942076683044, 0.9586403965950012, 1.3868252038955688], [0.06510840356349945, -0.9566194415092468, 0.2839719355106354, 90.43916320800781], [0.0, 0.0, 0.0, 1.0]]",simulation ideal rigid running observation; no deformation,m
91,124.575,"[[0.9979034066200256, 0.06311046332120895, -0.01434338092803955, -4.875292778015137], [-0.007848016917705536, 0.3379848897457123, 0.9411187767982483, 1.3578627109527588], [0.06424231082201004, -0.9390331506729126, 0.33777156472206116, 90.51964569091797], [0.0, 0.0, 0.0, 1.0]]",simulation ideal rigid running observation; no deformation,m
92,124.625,"[[0.9978916049003601, 0.06419109553098679, -0.009579140692949295, -4.869521141052246], [-0.016263850033283234, 0.39020904898643494, 0.92058265209198, 1.3243522644042969], [0.0628310814499855, -0.9184859395027161, 0.3904303312301636, 90.59854125976562], [0.0, 0.0, 0.0, 1.0]]",simulation ideal rigid running observation; no deformation,m
93,124.675,"[[0.9978431463241577, 0.06545674055814743, -0.00493418425321579, -4.86352014541626], [-0.024499550461769104, 0.4411046504974365, 0.8971211314201355, 1.2864527702331543], [0.06089911609888077, -0.895065426826477, 0.4417569637298584, 90.67556762695312], [0.0, 0.0, 0.0, 1.0]]",simulation ideal rigid running observation; no deformation,m
94,124.725,"[[0.9977570176124573, 0.06694009155035019, -0.0004079081118106842, -4.857285499572754], [-0.03255697712302208, 0.4905754029750824, 0.8707903623580933, 1.2443437576293945], [0.058490902185440063, -0.8688238859176636, 0.4916543960571289, 90.75054168701172], [0.0, 0.0, 0.0, 1.0]]",simulation ideal rigid running observation; no deformation,m
95,124.775,"[[0.9976317882537842, 0.06866718083620071, 0.00397077202796936, -4.850811958312988], [-0.04041118919849396, 0.5384423136711121, 0.8416928648948669, 1.1981189250946045], [0.05565866082906723, -0.8398599624633789, 0.5399420261383057, 90.82313537597656], [0.0, 0.0, 0.0, 1.0]]",simulation ideal rigid running observation; no deformation,m
96,124.825,"[[0.9974659085273743, 0.07067371159791946, 0.008199531584978104, -4.844000816345215], [-0.048077523708343506, 0.5845857858657837, 0.8099061846733093, 1.1479414701461792], [0.05244573950767517, -0.808247983455658, 0.5865020155906677, 90.89314270019531], [0.0, 0.0, 0.0, 1.0]]",simulation ideal rigid running observation; no deformation,m
97,124.875,"[[0.9972566366195679, 0.07299572229385376, 0.012284763157367706, -4.83674955368042], [-0.05558433011174202, 0.6288687586784363, 0.7755220532417297, 1.094090461730957], [0.04888429120182991, -0.774077296257019, 0.6312009692192078, 90.9603500366211], [0.0, 0.0, 0.0, 1.0]]",simulation ideal rigid running observation; no deformation,m
98,124.925,"[[0.9970055222511292, 0.07561642676591873, 0.016195543110370636, -4.829050540924072], [-0.06290076673030853, 0.6711442470550537, 0.7386534214019775, 1.0366499423980713], [0.044984783977270126, -0.737460196018219, 0.6738907694816589, 91.02452850341797], [0.0, 0.0, 0.0, 1.0]]",simulation ideal rigid running observation; no deformation,m
99,124.975,"[[0.9967158436775208, 0.0784931406378746, 0.019908081740140915, -4.820831298828125], [-0.06998453289270401, 0.7112811207771301, 0.6994149684906006, 0.9756749868392944], [0.0407390296459198, -0.6985113620758057, 0.7144384980201721, 91.08555603027344], [0.0, 0.0, 0.0, 1.0]]",simulation ideal rigid running observation; no deformation,m
