segment,x,y,approximate_review_tolerance_px,existing_contour_valid,any_valid_in_3px_square,decision
R1,1050,912,3,False,False,retain_future_candidate
R1,1100,913,3,False,False,retain_future_candidate
R1,1150,916,3,False,False,retain_future_candidate
R1,1200,920,3,False,False,retain_future_candidate
R2,1200,920,3,False,False,retain_future_candidate
R2,1250,922,3,False,False,retain_future_candidate
R2,1300,923,3,False,False,retain_future_candidate
R2,1350,924,3,False,False,retain_future_candidate
R2,1400,925,3,False,False,retain_future_candidate
R3,1400,925,3,False,False,retain_future_candidate
R3,1450,925,3,False,False,retain_future_candidate
R3,1500,924,3,False,False,retain_future_candidate
R3,1550,922,3,False,False,retain_future_candidate
R3,1600,921,3,False,False,retain_future_candidate
R3,1650,919,3,False,False,retain_future_candidate
R3,1700,914,3,False,False,retain_future_candidate
R4,1700,914,3,False,False,retain_future_candidate
R4,1725,910,3,False,False,retain_future_candidate
R4,1750,904,3,False,False,retain_future_candidate
R4,1775,896,3,False,False,retain_future_candidate
J1,1775,896,3,False,False,defer_domain_join
J1,1780,895,3,False,False,defer_domain_join
J1,1790,891,3,False,False,defer_domain_join
J1,1800,888,3,False,True,defer_domain_join
J1,1810,884,3,True,True,defer_domain_join
E2,365,61,3,False,False,exclude
E2,650,119,3,False,False,exclude
E2,875,166,3,False,False,exclude
E2,897,132,3,False,False,exclude
