halfwidth_amplitude_m,ring_index,z_m,required_compensation_x_m,required_compensation_y_m,projected_compensation_x_m,projected_compensation_y_m,residual_x_m,residual_y_m,residual_norm_m
-0.05,0,0.0,0.0,0.0,0.0,0.0,0.0,0.0,0.0
-0.05,1,2.5625,-0.0035564792354088604,0.015035587993481148,-0.003816357353431481,0.015921864086953626,-0.0002598781180226206,0.0008862760934724781,0.0009235918741997549
-0.05,2,5.125,-0.0054066103609053395,0.02285731490247689,-0.005604734111818399,0.023597477570350796,-0.00019812375091305973,0.000740162667873908,0.0007662204614796457
-0.05,3,7.6875,-0.005938363767889976,0.025105387957971903,-0.005858137969019033,0.024993069975248753,8.02257988709431e-05,-0.00011231798272315005,0.00013802720038991897
-0.05,4,10.25,-0.005464483215780136,0.0231019817047573,-0.0050695760191750774,0.022074868385352688,0.0003949071966050585,-0.0010271133194046135,0.001100415132951574
-0.05,5,12.8125,-0.0037662994683807516,0.01747074872623333,-0.003732056265573462,0.0168091034897105,3.42432028072894e-05,-0.0006616452365228315,0.00066253076604174
-0.05,6,15.375,-0.0022171172749434476,0.011226695382505092,-0.0023385855078396703,0.011162001119292345,-0.00012146823289622272,-6.46942632127473e-05,0.00013762223401606017
-0.05,7,17.9375,-0.0011560718137912651,0.006299056029675176,-0.0012875724045939751,0.006731270602639226,-0.00013150059080271003,0.0004322145729640497,0.0004517763190606139
-0.05,8,20.5,-0.0005287433679622422,0.003116772179788674,-0.0005990282799396489,0.0036405339692531223,-7.028491197740667e-05,0.0005237617894644484,0.0005284566027165078
-0.05,9,23.0625,-0.0001972194199020838,0.0012656577473837416,-0.0001983651971483454,0.0016448929104904203,-1.1457772462616044e-06,0.0003792351631066787,0.0003792368939621345
-0.05,10,25.625,-5.087693449398745e-05,0.0003581128356088259,-1.0995361714813755e-05,0.0004994488144272264,3.988157277917369e-05,0.0001413359788184005,0.00014685502632152527
-0.05,11,28.1875,-5.478139395512227e-06,4.2675291614169275e-05,3.7669105521980234e-05,-4.0696676143505e-05,4.314724491749246e-05,-8.337196775767428e-05,9.387528829120451e-05
-0.05,12,30.75,0.0,0.0,2.2216047183009533e-05,-0.00022044214164559643,2.2216047183009533e-05,-0.00022044214164559643,0.0002215587745175869
-0.05,13,33.3125,0.0,0.0,4.453803229707989e-06,-0.0002495159332604369,4.453803229707989e-06,-0.0002495159332604369,0.00024955567978716844
-0.05,14,35.875,0.0,0.0,-4.927339399895875e-06,-0.00019696616338812947,-4.927339399895875e-06,-0.00019696616338812947,0.00019702778533344244
-0.05,15,38.4375,0.0,0.0,-8.016603308792363e-06,-9.667072179189843e-05,-8.016603308792363e-06,-9.667072179189843e-05,9.700254831898576e-05
-0.05,16,41.0,0.0,0.0,-6.903219101615722e-06,1.7492308599424082e-05,-6.903219101615722e-06,1.7492308599424082e-05,1.8805193274795074e-05
-0.05,17,43.5625,0.0,0.0,-3.676410416160537e-06,0.00011164505588820186,-3.676410416160537e-06,0.00011164505588820186,0.00011170557057652841
-0.05,18,46.125,0.0,0.0,-4.2540681400517524e-07,0.00015190940000471955,-4.2540681400517524e-07,0.00015190940000471955,0.00015190999565779497
-0.05,19,48.6875,0.0,0.0,1.2121822868686047e-06,0.00011695880030517834,1.2121822868686047e-06,0.00011695880030517834,0.00011696508177538792
-0.05,20,51.25,0.0,0.0,1.405195850517061e-06,3.567170713388743e-05,1.405195850517061e-06,3.567170713388743e-05,3.569937345702506e-05
-0.05,21,53.8125,0.0,0.0,7.740876376736673e-07,-5.052210993896997e-05,7.740876376736673e-07,-5.052210993896997e-05,5.05280397834328e-05
-0.05,22,56.375,0.0,0.0,-6.068760042736607e-08,-0.00010019280362698399,-6.068760042736607e-08,-0.00010019280362698399,0.00010019282200647021
-0.05,23,58.9375,0.0,0.0,-4.786761808958865e-07,-7.19106020783266e-05,-4.786761808958865e-07,-7.19106020783266e-05,7.191219522552199e-05
-0.05,24,61.5,0.0,0.0,1.4057598814441386e-07,7.575430191380825e-05,1.4057598814441386e-07,7.575430191380825e-05,7.575443234594827e-05
-0.02,0,0.0,0.0,0.0,0.0,0.0,0.0,0.0,0.0
-0.02,1,2.5625,-0.0014196901809700735,0.00600196858368629,-0.001526438763811363,0.00636879005991162,-0.0001067485828412896,0.0003668214762253298,0.00038203829043533563
-0.02,2,5.125,-0.0021628160534793717,0.009143652734433738,-0.002241431618463619,0.009437405155159718,-7.861556498424752e-05,0.00029375242072597965,0.00030409026906523236
-0.02,3,7.6875,-0.0023763360636083197,0.010046342919912243,-0.0023422990720482484,0.009993039893809728,3.403699156007134e-05,-5.330302610251532e-05,6.324341377681787e-05
-0.02,4,10.25,-0.002184786731846078,0.00923653731100349,-0.0020263613926988903,0.008822887906912455,0.00015842533914718756,-0.00041364940409103525,0.00044294967839334746
-0.02,5,12.8125,-0.0015035284125706205,0.006974423388076412,-0.0014909392124532173,0.006714144269110114,1.258920011740325e-05,-0.0002602791189662973,0.00026058339879867247
-0.02,6,15.375,-0.0008836620988180721,0.004474551399067828,-0.0009333526816810771,0.004454002110540839,-4.969058286300495e-05,-2.0549288526988674e-05,5.3771993493179974e-05
-0.02,7,17.9375,-0.0004602004939307236,0.0025074815089967117,-0.0005130473748549735,0.002682045834953589,-5.2846880924249944e-05,0.00017456432595687726,0.0001823883130033302
-0.02,8,20.5,-0.0002103042698754498,0.001239676064713091,-0.00023796865679794453,0.0014474164354208938,-2.766438692249472e-05,0.00020774037070780266,0.0002095742825959635
-0.02,9,23.0625,-7.840340086975872e-05,0.0005031546679392651,-7.818686732758939e-05,0.0006516446378930621,2.1653354216933404e-07,0.000148489969953797,0.00014849012783230546
-0.02,10,25.625,-2.0220608258486594e-05,0.0001423289243583925,-3.7724044422725493e-06,0.00019626105390827412,1.6448203816214044e-05,5.393212954988162e-05,5.638455468091357e-05
-0.02,11,28.1875,-2.1770334925064194e-06,1.6959323675180826e-05,1.520436860119656e-05,-1.720360778307964e-05,1.738140209370298e-05,-3.416293145826047e-05,3.833039296126228e-05
-0.02,12,30.75,0.0,0.0,8.67307338114258e-06,-8.721872483394206e-05,8.67307338114258e-06,-8.721872483394206e-05,8.764889139934164e-05
-0.02,13,33.3125,0.0,0.0,1.4252880437552043e-06,-9.804630623991669e-05,1.4252880437552043e-06,-9.804630623991669e-05,9.805666531806595e-05
-0.02,14,35.875,0.0,0.0,-2.2996012209778734e-06,-7.711915110213935e-05,-2.2996012209778734e-06,-7.711915110213935e-05,7.715342916870334e-05
-0.02,15,38.4375,0.0,0.0,-3.4002544578039636e-06,-3.7662692233621213e-05,-3.4002544578039636e-06,-3.7662692233621213e-05,3.78158712270693e-05
-0.02,16,41.0,0.0,0.0,-2.7753352498009126e-06,7.097562017031292e-06,-2.7753352498009126e-06,7.097562017031292e-06,7.620883960171077e-06
-0.02,17,43.5625,0.0,0.0,-1.3235040347199015e-06,4.393618588260742e-05,-1.3235040347199015e-06,4.393618588260742e-05,4.3956115534029525e-05
-0.02,18,46.125,0.0,0.0,5.657597146934407e-08,5.9627656404849675e-05,5.657597146934407e-08,5.9627656404849675e-05,5.962768324507802e-05
-0.02,19,48.6875,0.0,0.0,6.684023953886837e-07,4.5857036367713994e-05,6.684023953886837e-07,4.5857036367713994e-05,4.586190735449198e-05
-0.02,20,51.25,0.0,0.0,6.241011686436055e-07,1.3951211964851976e-05,6.241011686436055e-07,1.3951211964851976e-05,1.3965164429999785e-05
-0.02,21,53.8125,0.0,0.0,2.379565030884092e-07,-1.9852446798135113e-05,2.379565030884092e-07,-1.9852446798135113e-05,1.985387285065932e-05
-0.02,22,56.375,0.0,0.0,-1.7574687023102612e-07,-3.9316539450873485e-05,-1.7574687023102612e-07,-3.9316539450873485e-05,3.9316932247499765e-05
-0.02,23,58.9375,0.0,0.0,-3.0272476760982665e-07,-2.820369508975849e-05,-3.0272476760982665e-07,-2.820369508975849e-05,2.82053196932953e-05
-0.02,24,61.5,0.0,0.0,1.7130721396027968e-07,2.972347104937276e-05,1.7130721396027968e-07,2.972347104937276e-05,2.972396469827764e-05
-0.01,0,0.0,0.0,0.0,0.0,0.0,0.0,0.0,0.0
-0.01,1,2.5625,-0.0007093651673802936,0.0029989553397267166,-0.0007632020398704624,0.0031844016763750457,-5.3836872490168794e-05,0.00018544633664832914,0.00019310295858895616
-0.01,2,5.125,-0.0010814365149910687,0.004571946805881799,-0.0011206393128332956,0.004718439726086892,-3.9202797842226864e-05,0.00014649292020509248,0.0001516477333456524
-0.01,3,7.6875,-0.0011883322331000534,0.005023865647344694,-0.001170991446114946,0.004995827406821937,1.7340786985107527e-05,-2.8038240522757288e-05,3.2967344825976866e-05
-0.01,4,10.25,-0.0010922266429765348,0.004617563807429503,-0.001012937946951205,0.0044102774876811374,7.928869602532988e-05,-0.0002072863197483659,0.0002219331333357391
-0.01,5,12.8125,-0.0007512693958700023,0.0034849164149437506,-0.0007451585045704564,0.0033555034598011257,6.110891299545922e-06,-0.0001294129551426249,0.0001295571532228997
-0.01,6,15.375,-0.00044130499600864015,0.0022346119517258067,-0.00046633256733365604,0.002225217841856518,-2.502757132501589e-05,-9.394109869288823e-06,2.673253872465216e-05
-0.01,7,17.9375,-0.00022973260029848785,0.0012517375684280019,-0.0002561964665135122,0.00133929543057768,-2.6463866215024358e-05,8.755786214967808e-05,9.146975149889026e-05
-0.01,8,20.5,-0.0001049554279543563,0.0006186785079245194,-0.00011871311235299891,0.0007222558841107588,-1.37576843986426e-05,0.00010357737618623937,0.00010448706492977205
-0.01,9,23.0625,-3.912187667096112e-05,0.00025106506410654816,-3.8902073258392125e-05,0.00032478036722691353,2.1980341256899532e-07,7.371530312036536e-05,7.371563082323534e-05
-0.01,10,25.625,-1.0088857741535895e-05,7.101350523208705e-05,-1.7829469396143666e-06,9.754998863050767e-05,8.305910801921528e-06,2.653648339842062e-05,2.7805990458966392e-05
-0.01,11,28.1875,-1.0861736491896146e-06,8.46140886090474e-06,7.624686409382931e-06,-8.754095139858705e-06,8.710860058572546e-06,-1.7215504000763443e-05,1.9293850340466948e-05
-0.01,12,30.75,0.0,0.0,4.301238921569489e-06,-4.3450770271068404e-05,4.301238921569489e-06,-4.3450770271068404e-05,4.366314342107753e-05
-0.01,13,33.3125,0.0,0.0,6.537671272918871e-07,-4.873223860047985e-05,6.537671272918871e-07,-4.873223860047985e-05,4.873662370816043e-05
-0.01,14,35.875,0.0,0.0,-1.2041041778239325e-06,-3.828409585432005e-05,-1.2041041778239325e-06,-3.828409585432005e-05,3.830302680277132e-05
-0.01,15,38.4375,0.0,0.0,-1.732107210330502e-06,-1.8665254548835178e-05,-1.732107210330502e-06,-1.8665254548835178e-05,1.8745450721732226e-05
-0.01,16,41.0,0.0,0.0,-1.3899760117319232e-06,3.565335317839974e-06,-1.3899760117319232e-06,3.565335317839974e-06,3.826702136543587e-06
-0.01,17,43.5625,0.0,0.0,-6.374429916239798e-07,2.1848764735750533e-05,-6.374429916239798e-07,2.1848764735750533e-05,2.1858061534494466e-05
-0.01,18,46.125,0.0,0.0,6.575798375980427e-08,2.9626076442716757e-05,6.575798375980427e-08,2.9626076442716757e-05,2.9626149420775643e-05
-0.01,19,48.6875,0.0,0.0,3.6452766529353783e-07,2.277542544961424e-05,3.6452766529353783e-07,2.277542544961424e-05,2.2778342451322055e-05
-0.01,20,51.25,0.0,0.0,3.222973780048939e-07,6.9231579184065395e-06,3.222973780048939e-07,6.9231579184065395e-06,6.930655897031969e-06
-0.01,21,53.8125,0.0,0.0,1.0713171287093002e-07,-9.867318325821224e-06,1.0713171287093002e-07,-9.867318325821224e-06,9.867899885334772e-06
-0.01,22,56.375,0.0,0.0,-1.129044592127244e-07,-1.953258032832869e-05,-1.129044592127244e-07,-1.953258032832869e-05,1.9532906637249944e-05
-0.01,23,58.9375,0.0,0.0,-1.6974656084981824e-07,-1.4009219817451636e-05,-1.6974656084981824e-07,-1.4009219817451636e-05,1.4010248170128893e-05
-0.01,24,61.5,0.0,0.0,1.0467010421288273e-07,1.4766178362249606e-05,1.0467010421288273e-07,1.4766178362249606e-05,1.4766549334779753e-05
-0.005,0,0.0,0.0,0.0,0.0,0.0,0.0,0.0,0.0
-0.005,1,2.5625,-0.0003545629424112906,0.0014989718671136743,-0.0003815966864748676,0.0015922024302137147,-2.703374406357701e-05,9.323056310004047e-05,9.707090817565072e-05
-0.005,2,5.125,-0.0005407253643997245,0.0022860034485214786,-0.0005603005794985157,0.002359154286149469,-1.9575215098791184e-05,7.315083762799053e-05,7.572472576272942e-05
-0.005,3,7.6875,-0.0005942070840865843,0.002512106020522431,-0.0005854563176155175,0.0024977410759899326,8.750766471066814e-06,-1.4364944532498439e-05,1.682045020957834e-05
-0.005,4,10.25,-0.0005460717369123458,0.0023086060982315804,-0.0005064084793721958,0.0022048480636056005,3.9663257540150016e-05,-0.00010375803462597984,0.000111080618238027
-0.005,5,12.8125,-0.000375511343150281,0.0017418860011282344,-0.00037250173432127703,0.0016773608739445722,3.009608829003974e-06,-6.452512718366221e-05,6.45952767884108e-05
-0.005,6,15.375,-0.00022052142431017163,0.0011166422651727181,-0.0002330806315734263,0.0011121646456716493,-1.2559207263254668e-05,-4.477619501068843e-06,1.3333520295771135e-05
-0.005,7,17.9375,-0.00011477473308293962,0.0006253698653109208,-0.0001280167097241248,0.000669217347210952,-1.3241976641185178e-05,4.3847481900031234e-05,4.5803401776934214e-05
-0.005,8,20.5,-5.2428734995696447e-05,0.0003090505386116327,-5.928898905777849e-05,0.0003607661410569899,-6.860254062082047e-06,5.171560244535725e-05,5.2168636383200144e-05
-0.005,9,23.0625,-1.954106594231897e-05,0.0001254050007564178,-1.9403366920953968e-05,0.0001621306334831132,1.3769902136500102e-07,3.6725632726695404e-05,3.672589087001982e-05
-0.005,10,25.625,-5.039090175351646e-06,3.546917457863952e-05,-8.6575536517263e-07,4.863040301309786e-05,4.1733348101790155e-06,1.3161228434458346e-05,1.3807051000914236e-05
-0.005,11,28.1875,-5.425035706912995e-07,4.226160820186564e-06,3.817942352203344e-06,-4.414948104460362e-06,4.360445922894643e-06,-8.641108924646926e-06,9.678959246432504e-06
-0.005,12,30.75,0.0,0.0,2.1418191146875024e-06,-2.1685838865066657e-05,2.1418191146875024e-06,-2.1685838865066657e-05,2.179135141292702e-05
-0.005,13,33.3125,0.0,0.0,3.122102205704345e-07,-2.429361578097424e-05,3.122102205704345e-07,-2.429361578097424e-05,2.4295621888221533e-05
-0.005,14,35.875,0.0,0.0,-6.155840872898527e-07,-1.9073400805680883e-05,-6.155840872898527e-07,-1.9073400805680883e-05,1.9083332048221367e-05
-0.005,15,38.4375,0.0,0.0,-8.740218580924639e-07,-9.291243967978687e-06,-8.740218580924639e-07,-9.291243967978687e-06,9.332262784605015e-06
-0.005,16,41.0,0.0,0.0,-6.955620674132585e-07,1.7867860336387226e-06,-6.955620674132585e-07,1.7867860336387226e-06,1.9173969123868445e-06
-0.005,17,43.5625,0.0,0.0,-3.1266286011085543e-07,1.0894640919384743e-05,-3.1266286011085543e-07,1.0894640919384743e-05,1.0899126516672112e-05
-0.005,18,46.125,0.0,0.0,4.2216873809685533e-08,1.476624836890726e-05,4.2216873809685533e-08,1.476624836890726e-05,1.476630871804767e-05
-0.005,19,48.6875,0.0,0.0,1.8982120659118121e-07,1.1349561901553421e-05,1.8982120659118121e-07,1.1349561901553421e-05,1.1351149168593664e-05
-0.005,20,51.25,0.0,0.0,1.6370202222521907e-07,3.4485098830246436e-06,1.6370202222521907e-07,3.4485098830246436e-06,3.4523931939162533e-06
-0.005,21,53.8125,0.0,0.0,5.061347393181693e-08,-4.918978697732247e-06,5.061347393181693e-08,-4.918978697732247e-06,4.9192390826719414e-06
-0.005,22,56.375,0.0,0.0,-6.269014004530315e-08,-9.734967312543283e-06,-6.269014004530315e-08,-9.734967312543283e-06,9.735169162882845e-06
-0.005,23,58.9375,0.0,0.0,-8.945467315342789e-08,-6.9815267497758995e-06,-8.945467315342789e-08,-6.9815267497758995e-06,6.982099819995803e-06
-0.005,24,61.5,0.0,0.0,5.707408288260279e-08,7.35927563250147e-06,5.707408288260279e-08,7.35927563250147e-06,7.35949694517681e-06
0.005,0,0.0,0.0,0.0,0.0,0.0,0.0,0.0,0.0
0.005,1,2.5625,0.00035432433463170043,-0.001497963114347911,0.000381588023747566,-0.0015922054766979992,2.726368911586558e-05,-9.424236235008811e-05,9.810673578063778e-05
0.005,2,5.125,0.0005407395480526989,-0.002286063412195505,0.0005602625195408415,-0.002359023403262445,1.952297148814265e-05,-7.295999106694036e-05,7.552686086562084e-05
0.005,3,7.6875,0.0005942888544455682,-0.0025124517178671812,0.0005853777393352886,-0.0024973968300335066,-8.911115110279608e-06,1.5054887833674657e-05,1.7494502570612824e-05
0.005,4,10.25,0.0005459887590127388,-0.0023082552958146874,0.0005062878750823005,-0.0022042685630004224,-3.970088393043833e-05,0.00010398673281426492,0.000111307685207462
0.005,5,12.8125,0.0003752653249143867,-0.0017407447953325939,0.0003723472097598096,-0.001676581769349127,-2.9181151545770918e-06,6.416302598346679e-05,6.422934920587633e-05
0.005,6,15.375,0.0002202601502119539,-0.0011153192658235334,0.00023290990588706082,-0.0011112791298780818,1.2649755675106928e-05,4.040135945451587e-06,1.3279270201996416e-05
0.005,7,17.9375,0.00011459228308322023,-0.000624375755120754,0.00012785422207567664,-0.0006683595970003242,1.3261938992456415e-05,-4.3983841879570115e-05,4.5939714543373704e-05
0.005,8,20.5,5.233116951913752e-05,-0.00030847542149170515,5.91543252319532e-05,-0.00036004508549092025,6.8231557128156805e-06,-5.15696639992151e-05,5.201908975437067e-05
0.005,9,23.0625,1.9501486932221868e-05,-0.00012515100203369656,1.9308365835390067e-05,-0.0001616133952306928,-1.9312109683180094e-07,-3.646239319699625e-05,3.646290462114064e-05
0.005,10,25.625,5.028458221090215e-06,-3.5394338322336516e-05,8.145091763388592e-07,-4.834229891656695e-05,-4.2139490447513555e-06,-1.2947960594230437e-05,1.361642574618997e-05
0.005,11,28.1875,5.413420631206201e-07,-4.217112552162838e-06,-3.829088321107885e-06,4.490407412983051e-06,-4.370430384228505e-06,8.707519965145889e-06,9.74276991860128e-06
0.005,12,30.75,0.0,0.0,-2.124266328715788e-06,2.1606948727107854e-05,-2.124266328715788e-06,2.1606948727107854e-05,2.1711120209035352e-05
0.005,13,33.3125,0.0,0.0,-2.829546888810336e-07,2.414905601098052e-05,-2.829546888810336e-07,2.414905601098052e-05,2.41507136453032e-05
0.005,14,35.875,0.0,0.0,6.425608925294471e-07,1.89365491514215e-05,6.425608925294471e-07,1.89365491514215e-05,1.8947447803459193e-05
0.005,15,38.4375,0.0,0.0,8.899052499506989e-07,9.208754587449436e-06,8.899052499506989e-07,9.208754587449436e-06,9.251653495768248e-06
0.005,16,41.0,0.0,0.0,6.967041719058833e-07,-1.7949827142353519e-06,6.967041719058833e-07,-1.7949827142353519e-06,1.9254505050908925e-06
0.005,17,43.5625,0.0,0.0,3.005825867704261e-07,-1.0835338055363386e-05,3.005825867704261e-07,-1.0835338055363386e-05,1.08395064770254e-05
0.005,18,46.125,0.0,0.0,-6.083379838701413e-08,-1.4672962867641875e-05,-6.083379838701413e-08,-1.4672962867641875e-05,1.467308897493038e-05
0.005,19,48.6875,0.0,0.0,-2.0488779511192548e-07,-1.1273503331594135e-05,-2.0488779511192548e-07,-1.1273503331594135e-05,1.1275365021854055e-05
0.005,20,51.25,0.0,0.0,-1.6879207253547786e-07,-3.4224570238576784e-06,-1.6879207253547786e-07,-3.4224570238576784e-06,3.426616821867245e-06
0.005,21,53.8125,0.0,0.0,-4.472709061491881e-08,4.889708770110869e-06,-4.472709061491881e-08,4.889708770110869e-06,4.889913329409226e-06
0.005,22,56.375,0.0,0.0,7.512653557229832e-08,9.67251927666518e-06,7.512653557229832e-08,9.67251927666518e-06,9.67281102647036e-06
0.005,23,58.9375,0.0,0.0,9.858835249078368e-08,6.93550698886687e-06,9.858835249078368e-08,6.93550698886687e-06,6.9362076710453274e-06
0.005,24,61.5,0.0,0.0,-6.652215969057717e-08,-7.311799007417971e-06,-6.652215969057717e-08,-7.311799007417971e-06,7.312101607787486e-06
0.01,0,0.0,0.0,0.0,0.0,0.0,0.0,0.0,0.0
0.01,1,2.5625,0.0007084107329173306,-0.0029949203145229752,0.0007631673890370111,-0.003184413863568061,5.4756656119680494e-05,-0.00018949354904508565,0.0001972462839171152
0.01,2,5.125,0.0010814932497313356,-0.004572186661121247,0.0011204870726176381,-0.0047179161936957295,3.899382288630247e-05,-0.0001457295325744826,0.00015085627228479933
0.01,3,7.6875,0.001188659315219498,-0.005025248439613161,0.0011706771318303806,-0.004994450417987829,-1.7982183389117414e-05,3.079802162533202e-05,3.566338536194046e-05
0.01,4,10.25,0.0010918947305291193,-0.004616160594173024,0.0010124555277498041,-0.004407959475308728,-7.94392027793152e-05,0.00020820111886429675,0.0002228414073608363
0.01,5,12.8125,0.0007502853195124337,-0.003480351575924745,0.0007445404035236152,-0.0033523870270348315,-5.744915988818559e-06,0.0001279645488899135,0.00012809344180057637
0.01,6,15.375,0.0004402598948422265,-0.002229319930157292,0.0004656496613655825,-0.0022216757616638225,2.538976652335603e-05,7.644168493469404e-06,2.651553424064997e-05
0.01,7,17.9375,0.00022900279628454423,-0.0012477611057899463,0.00025554651276969725,-0.001335864412817339,2.654371648515302e-05,-8.810330702739284e-05,9.201500743904351e-05
0.01,8,20.5,0.00010456516363857582,-0.000616378025240838,0.00011817445437609851,-0.0007193716472880403,1.3609290737522691e-05,-0.00010299362204720238,0.00010388887802253133
0.01,9,23.0625,3.896355958560305e-05,-0.000250049062509472,3.8522066970618404e-05,-0.00032271140344842316,-4.414926149846432e-07,-7.266234093895115e-05,7.266368216968819e-05
0.01,10,25.625,1.004632963411134e-05,-7.071415816439774e-05,1.5779610663265217e-06,-9.639756586690331e-05,-8.468368567784818e-06,-2.5683407702505563e-05,2.7043496397710265e-05
0.01,11,28.1875,1.081527586779818e-06,-8.425215538121478e-06,-7.669270628079356e-06,9.055934586955434e-06,-8.750798214859174e-06,1.748115012507691e-05,1.9549094073451562e-05
0.01,12,30.75,0.0,0.0,-4.231027550751581e-06,4.313520882316369e-05,-4.231027550751581e-06,4.313520882316369e-05,4.3342217690759176e-05
0.01,13,33.3125,0.0,0.0,-5.367445196006983e-07,4.815399717963726e-05,-5.367445196006983e-07,4.815399717963726e-05,4.815698847577405e-05
0.01,14,35.875,0.0,0.0,1.312011870702814e-06,3.773668684608916e-05,1.312011870702814e-06,3.773668684608916e-05,3.775948767222171e-05
0.01,15,38.4375,0.0,0.0,1.795641071679226e-06,1.8335295490198424e-05,1.795641071679226e-06,1.8335295490198424e-05,1.842301244561247e-05
0.01,16,41.0,0.0,0.0,1.394544470646313e-06,-3.5981223065492557e-06,1.394544470646313e-06,-3.5981223065492557e-06,3.858916740938776e-06
0.01,17,43.5625,0.0,0.0,5.891217052910351e-07,-2.161155234974071e-05,5.891217052910351e-07,-2.161155234974071e-05,2.1619580461915263e-05
0.01,18,46.125,0.0,0.0,-1.4022599587415516e-07,-2.925293287490968e-05,-1.4022599587415516e-07,-2.925293287490968e-05,2.925326896457711e-05
0.01,19,48.6875,0.0,0.0,-4.2479427821400927e-07,-2.2471189866530964e-05,-4.2479427821400927e-07,-2.2471189866530964e-05,2.2475204653050153e-05
0.01,20,51.25,0.0,0.0,-3.4265766980931175e-07,-6.818946016896396e-06,-3.4265766980931175e-07,-6.818946016896396e-06,6.827550004212812e-06
0.01,21,53.8125,0.0,0.0,-8.358608238470765e-08,9.750238136864337e-06,-8.358608238470765e-08,9.750238136864337e-06,9.750596410411629e-06
0.01,22,56.375,0.0,0.0,1.626502520304052e-07,1.9282787132117017e-05,1.626502520304052e-07,1.9282787132117017e-05,1.9283473097111503e-05
0.01,23,58.9375,0.0,0.0,2.062814343103973e-07,1.3825139989968799e-05,2.062814343103973e-07,1.3825139989968799e-05,1.3826678841007903e-05
0.01,24,61.5,0.0,0.0,-1.424625718205344e-07,-1.4576271059834247e-05,-1.424625718205344e-07,-1.4576271059834247e-05,1.4576967228958538e-05
0.02,0,0.0,0.0,0.0,0.0,0.0,0.0,0.0,0.0
0.02,1,2.5625,0.0014158723896049163,-0.005985828256634962,0.0015263001616906944,-0.006368838828781621,0.00011042777208577809,-0.0003830105721466595,0.0003986118302608943
0.02,2,5.125,0.002163042994495573,-0.009144612164081023,0.0022408226514426194,-0.009435311012109308,7.777965694704628e-05,-0.00029069884802828544,0.00030092440127010703
0.02,3,7.6875,0.002377644403021628,-0.010051874135216465,0.0023410417962917776,-0.009987531858338661,-3.660260672985055e-05,6.434227687780389e-05,7.402485672556265e-05
0.02,4,10.25,0.0021834590684763344,-0.009230924400565499,0.0020244316832232143,-0.00881361569819059,-0.00015902738525312016,0.00041730870237490815,0.00044658287286714656
0.02,5,12.8125,0.0014995920525097683,-0.0069561637785851005,0.0014884667634482056,-0.006701678307882911,-1.112528906156273e-05,0.0002544854707021895,0.0002547285356123618
0.02,6,15.375,0.0008794816177741527,-0.004453382926040694,0.0009306210062441638,-0.004439833517462481,5.113938847001111e-05,1.354940857821365e-05,5.2903908418056176e-05
0.02,7,17.9375,0.00045728121362803575,-0.002491575308383842,0.0005104475094764704,-0.0026683214932140915,5.3166295848434617e-05,-0.0001767461848302494,0.00018456941476390924
0.02,8,20.5,0.0002087431740573631,-0.0012304739067086068,0.0002358139821103856,-0.0014358792551844289,2.707080805302252e-05,-0.00020540534847582207,0.00020718152869191183
0.02,9,23.0625,7.777011580928361e-05,-0.0004990905542558988,7.666681104670095e-05,-0.0006433686104713631,-1.1033047625826623e-06,-0.00014427805621546432,0.00014428227467957325
0.02,10,25.625,2.0050491185058528e-05,-0.0001411315034020033,2.952443061371302e-06,-0.0001916512608116792,-1.7098048123687226e-05,-5.0519757409675894e-05,5.3334689821657595e-05
0.02,11,28.1875,2.1584487293752064e-06,-1.681454638347013e-05,-1.538271096482895e-05,1.8411000978104957e-05,-1.7541159694204157e-05,3.522554736157509e-05,3.9351384605120846e-05
0.02,12,30.75,0.0,0.0,-8.392224265961835e-06,8.595646470109868e-05,-8.392224265961835e-06,8.595646470109868e-05,8.636517383784636e-05
0.02,13,33.3125,0.0,0.0,-9.571899168946465e-07,9.573330309784032e-05,-9.571899168946465e-07,9.573330309784032e-05,9.573808821237225e-05
0.02,14,35.875,0.0,0.0,2.7312395441554463e-06,7.492947680616141e-05,2.7312395441554463e-06,7.492947680616141e-05,7.497923821894057e-05
0.02,15,38.4375,0.0,0.0,3.654394606341833e-06,3.634283141259915e-05,3.654394606341833e-06,3.634283141259915e-05,3.652610018909032e-05
0.02,16,41.0,0.0,0.0,2.7936097405400818e-06,-7.228714233082593e-06,2.7936097405400818e-06,-7.228714233082593e-06,7.749746114938946e-06
0.02,17,43.5625,0.0,0.0,1.1302158014007868e-06,-4.298732145804354e-05,1.1302158014007868e-06,-4.298732145804354e-05,4.300217661810745e-05
0.02,18,46.125,0.0,0.0,-3.5445304144651995e-07,-5.813505712713129e-05,-3.5445304144651995e-07,-5.813505712713129e-05,5.813613767815514e-05
0.02,19,48.6875,0.0,0.0,-9.09472988969411e-07,-4.464007318141509e-05,-9.09472988969411e-07,-4.464007318141509e-05,4.464933677849828e-05
0.02,20,51.25,0.0,0.0,-7.055437850276362e-07,-1.3534356920691995e-05,-7.055437850276362e-07,-1.3534356920691995e-05,1.3552734384222042e-05
0.02,21,53.8125,0.0,0.0,-1.437724254252077e-07,1.9384118385911865e-05,-1.437724254252077e-07,1.9384118385911865e-05,1.9384651560174073e-05
0.02,22,56.375,0.0,0.0,3.74733413294772e-07,3.831734982111472e-05,3.74733413294772e-07,3.831734982111472e-05,3.831918217348486e-05
0.02,23,58.9375,0.0,0.0,4.488667595504892e-07,2.7467363237051104e-05,4.488667595504892e-07,2.7467363237051104e-05,2.747103064255027e-05
0.02,24,61.5,0.0,0.0,-3.2247965071728885e-07,-2.896382900503889e-05,-3.2247965071728885e-07,-2.896382900503889e-05,2.8965624173462215e-05
0.05,0,0.0,0.0,0.0,0.0,0.0,0.0,0.0,0.0
0.05,1,2.5625,0.003532615697671687,-0.014934701049474919,0.0038154911432947726,-0.01592216977203522,0.00028287544562308545,-0.0009874687225603015,0.001027186933216799
0.05,2,5.125,0.005408028832202844,-0.02286331171803435,0.00560092779848353,-0.023584388586336595,0.00019289896628068605,-0.0007210768683022437,0.0007464327573149027
0.05,3,7.6875,0.005946541367732261,-0.02513996007659447,0.005850279180833681,-0.024958641246990067,-9.626218689857968e-05,0.0001813188296044023,0.0002052874243484178
0.05,4,10.25,0.0054561847254975815,-0.02306689850235455,0.005057513905313965,-0.02201691011285358,-0.0003986708201836166,0.001049988389500968,0.0011231269033162342
0.05,5,12.8125,0.0037416948274279216,-0.017356615077755544,0.0037166014980524165,-0.016731181160038827,-2.5093329375505073e-05,0.0006254339177167167,0.000625937105953648
0.05,6,15.375,0.002190985926079303,-0.011094375501663922,0.002321510279852589,-0.011073435496160215,0.0001305243537732862,2.0940005503707407e-05,0.0001321933839434836
0.05,7,17.9375,0.001137823500349494,-0.006199626956631787,0.0012713210402849934,-0.00664548162075686,0.0001334975399354993,-0.0004458546641250725,0.00046541161856029277
0.05,8,20.5,0.0005189848318490065,-0.00305924874646335,0.0005855596910445123,-0.0035684163988174067,6.657485919550588e-05,-0.0005091676523540567,0.0005135016164343039
0.05,9,23.0625,0.0001932606565997197,-0.0012402523413328481,0.0001888634831130662,-0.0015931601986956835,-4.397173486653488e-06,-0.0003529078573628354,0.00035293525032659904
0.05,10,25.625,4.981349956797998e-05,-0.0003506275242268764,5.869820287104585e-06,-0.0004706331420420845,-4.3943679280875393e-05,-0.00012000561781520813,0.00012779825998796007
0.05,11,28.1875,5.361962153851985e-06,-4.1770258480178235e-05,-3.878398550383984e-05,4.824443310938072e-05,-4.4145947657691826e-05,9.001469158955895e-05,0.00010025721618197405
0.05,12,30.75,0.0,0.0,-2.046058128771911e-05,0.00021255238829016347,-2.046058128771911e-05,0.00021255238829016347,0.0002135348991487897
0.05,13,33.3125,0.0,0.0,-1.527853156051658e-06,0.00023505802443931037,-1.527853156051658e-06,0.00023505802443931037,0.0002350629898316149
0.05,14,35.875,0.0,0.0,7.625409383246075e-06,0.000183279024637231,7.625409383246075e-06,0.000183279024637231,0.00018343758540778068
0.05,15,38.4375,0.0,0.0,9.605185050078332e-06,8.842051574004796e-05,9.605185050078332e-06,8.842051574004796e-05,8.894069475545104e-05
0.05,16,41.0,0.0,0.0,7.017463337537149e-06,-1.8312196434591812e-05,7.017463337537149e-06,-1.8312196434591812e-05,1.9610745267652503e-05
0.05,17,43.5625,0.0,0.0,2.4682238283962886e-06,-0.00010571400207042362,2.4682238283962886e-06,-0.00010571400207042362,0.00010574281234491824
0.05,18,46.125,0.0,0.0,-1.436544615623586e-06,-0.00014257956023578289,-1.436544615623586e-06,-0.00014257956023578289,0.00014258679692545842
0.05,19,48.6875,0.0,0.0,-2.7190547472325285e-06,-0.00010935186781869523,-2.7190547472325285e-06,-0.00010935186781869523,0.00010938566749878999
0.05,20,51.25,0.0,0.0,-1.9142756191056494e-06,-3.306603761282162e-05,-1.9142756191056494e-06,-3.306603761282162e-05,3.3121402364006815e-05
0.05,21,53.8125,0.0,0.0,-1.8536907406758545e-07,4.759472232030908e-05,-1.8536907406758545e-07,4.759472232030908e-05,4.7595083301124165e-05
0.05,22,56.375,0.0,0.0,1.3045010447624895e-06,9.394713130741191e-05,1.3045010447624895e-06,9.394713130741191e-05,9.395618768270604e-05
0.05,23,58.9375,0.0,0.0,1.392172947855349e-06,6.730797912572673e-05,1.392172947855349e-06,6.730797912572673e-05,6.732237517724702e-05
0.05,24,61.5,0.0,0.0,-1.085516020697132e-06,-7.1005977491808e-05,-1.085516020697132e-06,-7.1005977491808e-05,7.10142745129339e-05
