frame_id,video_pts,video_time_s,sim_time_s,exposure_start_s,exposure_end_s,turbine_id,rpm,rpm_valid,rpm_reason,center_sample_kind,source_left_index,source_right_index,alpha,clearance_b1_m,clearance_b1_valid,clearance_b1_reason,clearance_b2_m,clearance_b2_valid,clearance_b2_reason,clearance_b3_m,clearance_b3_valid,clearance_b3_reason
0,0,0.0,117.525,117.5245,117.52550000000001,T1,10.9696264,True,valid,source,21,21,0.0,16.725245993158996,True,valid,,False,no_tower_section_at_tip_height,,False,no_tower_section_at_tip_height
1,1,0.05,117.575,117.5745,117.5755,T1,10.9730148,True,valid,source,23,23,0.0,13.84654955225915,True,valid,,False,no_tower_section_at_tip_height,,False,no_tower_section_at_tip_height
2,2,0.1,117.625,117.6245,117.6255,T1,10.9805412,True,valid,source,25,25,0.0,11.279195829489352,True,valid,,False,no_tower_section_at_tip_height,,False,no_tower_section_at_tip_height
3,3,0.15,117.675,117.6745,117.6755,T1,10.9904747,True,valid,source,27,27,0.0,9.195097808446663,True,valid,,False,no_tower_section_at_tip_height,,False,no_tower_section_at_tip_height
4,4,0.2,117.725,117.72449999999999,117.7255,T1,11.0021133,True,valid,source,29,29,0.0,7.935325524459167,True,valid,,False,no_tower_section_at_tip_height,,False,no_tower_section_at_tip_height
5,5,0.25,117.775,117.7745,117.77550000000001,T1,11.0128727,True,valid,source,31,31,0.0,7.804385736561963,True,valid,,False,no_tower_section_at_tip_height,,False,no_tower_section_at_tip_height
6,6,0.3,117.825,117.8245,117.8255,T1,11.0229263,True,valid,source,33,33,0.0,8.856843226052376,True,valid,,False,no_tower_section_at_tip_height,,False,no_tower_section_at_tip_height
7,7,0.35,117.875,117.8745,117.8755,T1,11.0342064,True,valid,source,35,35,0.0,10.777038402042113,True,valid,,False,no_tower_section_at_tip_height,,False,no_tower_section_at_tip_height
8,8,0.4,117.925,117.9245,117.9255,T1,11.044714,True,valid,source,37,37,0.0,13.241047684648555,True,valid,,False,no_tower_section_at_tip_height,,False,no_tower_section_at_tip_height
9,9,0.45,117.975,117.97449999999999,117.9755,T1,11.053895,True,valid,source,39,39,0.0,16.044400800385734,True,valid,,False,no_tower_section_at_tip_height,,False,no_tower_section_at_tip_height
10,10,0.5,118.025,118.0245,118.02550000000001,T1,11.0632362,True,valid,source,41,41,0.0,18.985044017686164,True,valid,,False,no_tower_section_at_tip_height,,False,no_tower_section_at_tip_height
11,11,0.55,118.075,118.0745,118.0755,T1,11.0700407,True,valid,source,43,43,0.0,22.021044530739072,True,valid,,False,no_tower_section_at_tip_height,,False,no_tower_section_at_tip_height
12,12,0.6,118.125,118.1245,118.1255,T1,11.0784388,True,valid,source,45,45,0.0,25.084196800123763,True,valid,,False,no_tower_section_at_tip_height,,False,no_tower_section_at_tip_height
13,13,0.65,118.175,118.1745,118.1755,T1,11.0881891,True,valid,source,47,47,0.0,28.12951444231653,True,valid,,False,no_tower_section_at_tip_height,,False,no_tower_section_at_tip_height
14,14,0.7,118.225,118.22449999999999,118.2255,T1,11.0984955,True,valid,source,49,49,0.0,31.108745738836895,True,valid,,False,no_tower_section_at_tip_height,,False,no_tower_section_at_tip_height
15,15,0.75,118.275,118.2745,118.27550000000001,T1,11.1091223,True,valid,source,51,51,0.0,34.024046312125314,True,valid,,False,no_tower_section_at_tip_height,60.973895844552146,True,valid
16,16,0.8,118.325,118.3245,118.3255,T1,11.1248779,True,valid,source,53,53,0.0,36.85790987322578,True,valid,,False,no_tower_section_at_tip_height,60.54055019160002,True,valid
17,17,0.85,118.375,118.3745,118.3755,T1,11.1367855,True,valid,source,55,55,0.0,39.594692075917955,True,valid,,False,no_tower_section_at_tip_height,59.89838149882448,True,valid
18,18,0.9,118.425,118.4245,118.4255,T1,11.1485004,True,valid,source,57,57,0.0,42.220236891802955,True,valid,,False,no_tower_section_at_tip_height,59.05049500520489,True,valid
19,19,0.95,118.475,118.47449999999999,118.4755,T1,11.1651077,True,valid,source,59,59,0.0,44.72022442208292,True,valid,,False,no_tower_section_at_tip_height,57.99961286188106,True,valid
