camera_id,frame_id,split,width,height,baseline_record_index,amplitude_m,attribution_max_projection_error_px,record_index,silhouette_edge_count,candidate_samples_before_mask,candidate_samples_after_mask,candidate_samples_after_visibility,candidate_count,candidate_segment_count,candidate_mask_rejected,candidate_self_hidden_rejected,candidate_sampling_truncated,candidate_segments_truncated,independent_candidate_mask,observed_source_count,observed_inside_count,observed_count,observed_sampling_truncated,region,image_loss,center_x_m,center_y_m,chord_halfwidth_m,c2o_count,c2o_mean_native_px,c2o_p90_native_px,c2o_robust_mean,c2o_beyond_deadband_fraction,o2c_count,o2c_mean_native_px,o2c_p90_native_px,o2c_robust_mean,o2c_beyond_deadband_fraction
C1,42,fit,640,360,156,-0.02,3.0517578125e-05,0,64,1419,585,585,300,12,834,0,1,0,1,1104,1104,600,1,all,0.9900669306516647,-0.015627722833808724,-0.01083499917127601,0.006194923081693723,300,60.10883712768555,258.2804260253906,1.8684344291687012,0.6499999761581421,600,6.87835693359375,23.368684768676758,0.1116994321346283,0.5899999737739563
C1,42,fit,640,360,156,-0.02,3.0517578125e-05,0,64,1419,585,585,300,12,834,0,1,0,1,1104,1104,600,1,root_band,0.0019303889712318778,-0.015627722833808724,-0.01083499917127601,0.006194923081693723,78,2.1459121704101562,3.8931455612182617,0.0016721147112548351,0.19230769574642181,171,2.180243968963623,4.561867713928223,0.0021886632312089205,0.24561403691768646
C1,42,fit,640,360,156,-0.02,3.0517578125e-05,0,64,1419,585,585,300,12,834,0,1,0,1,1104,1104,600,1,outside_root_band,1.3398372605443,-0.015627722833808724,-0.01083499917127601,0.006194923081693723,222,80.47418975830078,304.9471435546875,2.5243239402770996,0.8108108043670654,429,8.751030921936035,28.426668167114258,0.15535058081150055,0.7272727489471436
C1,42,fit,640,360,156,0.02,3.0517578125e-05,1,64,1420,587,587,300,12,833,0,1,0,1,1104,1104,600,1,all,0.9968458823859692,0.015627722833808724,0.01083499917127601,-0.006194923081693723,300,60.37088394165039,259.2144775390625,1.876042127609253,0.653333306312561,600,7.098177909851074,24.33449363708496,0.1176496371626854,0.5933333039283752
C1,42,fit,640,360,156,0.02,3.0517578125e-05,1,64,1420,587,587,300,12,833,0,1,0,1,1104,1104,600,1,root_band,0.0018795736832544208,0.015627722833808724,0.01083499917127601,-0.006194923081693723,77,2.185542583465576,3.873060703277588,0.0016526614781469107,0.16883116960525513,171,2.1647121906280518,4.314239978790283,0.002106485888361931,0.23976607620716095
C1,42,fit,640,360,156,0.02,3.0517578125e-05,1,64,1420,587,587,300,12,833,0,1,0,1,1104,1104,600,1,outside_root_band,1.3434790149331093,0.015627722833808724,0.01083499917127601,-0.006194923081693723,223,80.4617919921875,305.19000244140625,2.5232527256011963,0.8206278085708618,429,9.064663887023926,29.378002166748047,0.16370530426502228,0.7342657446861267
C1,42,fit,640,360,156,-0.05,3.1456798751605675e-05,2,64,1419,584,584,300,12,835,0,1,0,1,1104,1104,600,1,all,0.9825219996273518,-0.03906930708452181,-0.027087497928190027,0.015487307704234309,300,59.79316329956055,259.15374755859375,1.8576745986938477,0.6566666960716248,600,6.727824687957764,22.646604537963867,0.10736940056085587,0.5899999737739563
C1,42,fit,640,360,156,-0.05,3.1456798751605675e-05,2,64,1419,584,584,300,12,835,0,1,0,1,1104,1104,600,1,root_band,0.0020392125588841736,-0.03906930708452181,-0.027087497928190027,0.015487307704234309,78,2.182685375213623,4.184952735900879,0.001784236985258758,0.23076923191547394,171,2.227433919906616,4.554476737976074,0.002294188132509589,0.28070175647735596
C1,42,fit,640,360,156,-0.05,3.1456798751605675e-05,2,64,1419,584,584,300,12,835,0,1,0,1,1104,1104,600,1,outside_root_band,1.3294982314109802,-0.03906930708452181,-0.027087497928190027,0.015487307704234309,222,80.03468322753906,303.0341491699219,2.5097439289093018,0.8063063025474548,429,8.521686553955078,27.715497970581055,0.1492525339126587,0.7132866978645325
C1,42,fit,640,360,156,0.05,3.0517578125e-05,3,64,1417,583,583,300,12,834,0,1,0,1,1104,1104,600,1,all,1.0001816265285015,0.03906930708452181,0.027087497928190027,-0.015487307704234309,300,60.4815673828125,260.5233154296875,1.8781245946884155,0.6700000166893005,600,7.269845008850098,25.06128692626953,0.1222386583685875,0.5950000286102295
C1,42,fit,640,360,156,0.05,3.0517578125e-05,3,64,1417,583,583,300,12,834,0,1,0,1,1104,1104,600,1,root_band,0.0018074988620355725,0.03906930708452181,0.027087497928190027,-0.015487307704234309,77,2.2226202487945557,3.9973998069763184,0.0015711609739810228,0.20779220759868622,171,2.1642143726348877,4.635861873626709,0.0020438367500901222,0.2222222238779068
C1,42,fit,640,360,156,0.05,3.0517578125e-05,3,64,1417,583,583,300,12,834,0,1,0,1,1104,1104,600,1,outside_root_band,1.3481154963374138,0.03906930708452181,0.027087497928190027,-0.015487307704234309,223,80.5978775024414,303.39642333984375,2.5260825157165527,0.8295964002609253,429,9.30495548248291,30.093978881835938,0.17014847695827484,0.7435897588729858
C1,43,fit,640,360,169,-0.02,3.0517578125e-05,4,64,1463,676,612,300,17,787,64,1,0,1,1911,1911,600,1,all,0.600080631673336,-0.015627722833808724,-0.01083499917127601,0.006194923081693723,300,8.12479305267334,15.899019241333008,0.13541679084300995,0.6766666769981384,600,36.298763275146484,141.9902801513672,1.064744472503662,0.7316666841506958
C1,43,fit,640,360,169,-0.02,3.0517578125e-05,4,64,1463,676,612,300,17,787,64,1,0,1,1911,1911,600,1,root_band,0.06388108246028423,-0.015627722833808724,-0.01083499917127601,0.006194923081693723,145,5.344021320343018,11.948331832885742,0.05788340047001839,0.5448275804519653,237,5.821436405181885,12.632929801940918,0.06987876445055008,0.5907173156738281
C1,43,fit,640,360,169,-0.02,3.0517578125e-05,4,64,1463,676,612,300,17,787,64,1,0,1,1911,1911,600,1,outside_root_band,0.9611164629459381,-0.015627722833808724,-0.01083499917127601,0.006194923081693723,155,10.72616195678711,34.88988494873047,0.20794802904129028,0.800000011920929,363,56.19717788696289,214.77865600585938,1.714284896850586,0.8236914873123169
C1,43,fit,640,360,169,0.02,3.0517578125e-05,5,64,1465,678,614,300,17,787,64,1,0,1,1911,1911,600,1,all,0.6107021421194077,0.015627722833808724,0.01083499917127601,-0.006194923081693723,300,8.214962005615234,16.093231201171875,0.13679251074790955,0.6733333468437195,600,36.906002044677734,145.40145874023438,1.0846117734909058,0.7333333492279053
C1,43,fit,640,360,169,0.02,3.0517578125e-05,5,64,1465,678,614,300,17,787,64,1,0,1,1911,1911,600,1,root_band,0.06616811268031597,0.015627722833808724,0.01083499917127601,-0.006194923081693723,145,5.446079254150391,12.03493595123291,0.05946577712893486,0.5310344696044922,237,5.913538455963135,12.73930835723877,0.07287044823169708,0.594936728477478
C1,43,fit,640,360,169,0.02,3.0517578125e-05,5,64,1465,678,614,300,17,787,64,1,0,1,1911,1911,600,1,outside_root_band,0.9771502912044525,0.015627722833808724,0.01083499917127601,-0.006194923081693723,155,10.805208206176758,35.15162658691406,0.20913046598434448,0.8064516186714172,363,57.14075469970703,218.2891082763672,1.7451701164245605,0.8236914873123169
C1,43,fit,640,360,169,-0.05,3.0517578125e-05,6,64,1463,675,611,300,17,788,64,1,0,1,1911,1911,600,1,all,0.592293381690979,-0.03906930708452181,-0.027087497928190027,0.015487307704234309,300,8.102394104003906,15.92519474029541,0.13453316688537598,0.6800000071525574,600,35.85080337524414,139.4517059326172,1.050053596496582,0.7300000190734863
C1,43,fit,640,360,169,-0.05,3.0517578125e-05,6,64,1463,675,611,300,17,788,64,1,0,1,1911,1911,600,1,root_band,0.06407189927995205,-0.03906930708452181,-0.027087497928190027,0.015487307704234309,146,5.449014186859131,12.050437927246094,0.060393307358026505,0.5547945499420166,237,5.7586212158203125,12.555459976196289,0.0677504912018776,0.5907173156738281
C1,43,fit,640,360,169,-0.05,3.0517578125e-05,6,64,1463,675,611,300,17,788,64,1,0,1,1911,1911,600,1,outside_root_band,0.9481067806482315,-0.03906930708452181,-0.027087497928190027,0.015487307704234309,154,10.617938995361328,34.680179595947266,0.2048216164112091,0.798701286315918,363,55.49776840209961,212.1623077392578,1.691391944885254,0.8209366202354431
C1,43,fit,640,360,169,0.05,3.0517578125e-05,7,64,1465,678,615,300,17,787,63,1,0,1,1911,1911,600,1,all,0.6184838190674782,0.03906930708452181,0.027087497928190027,-0.015487307704234309,300,8.200800895690918,16.962852478027344,0.13747961819171906,0.6700000166893005,600,37.369022369384766,147.9795684814453,1.0994880199432373,0.7366666793823242
C1,43,fit,640,360,169,0.05,3.0517578125e-05,7,64,1465,678,615,300,17,787,63,1,0,1,1911,1911,600,1,root_band,0.06828998401761055,0.03906930708452181,0.027087497928190027,-0.015487307704234309,146,5.498097896575928,12.198915481567383,0.061357565224170685,0.534246563911438,237,6.000282287597656,12.900384902954102,0.07522240281105042,0.594936728477478
C1,43,fit,640,360,169,0.05,3.0517578125e-05,7,64,1465,678,615,300,17,787,63,1,0,1,1911,1911,600,1,outside_root_band,0.9889353439211845,0.03906930708452181,0.027087497928190027,-0.015487307704234309,154,10.763104438781738,35.14360427856445,0.2096472829580307,0.798701286315918,363,57.84944152832031,220.93858337402344,1.7682234048843384,0.8292011022567749
C1,44,nonblind_diagnostic,640,360,182,-0.02,3.0517578125e-05,8,64,1496,574,569,300,16,922,5,1,0,1,1925,1925,600,1,all,1.0493862628936768,-0.015627722833808724,-0.01083499917127601,0.006194923081693723,300,13.733942985534668,44.663429260253906,0.31073522567749023,0.746666669845581,600,58.38447189331055,224.78521728515625,1.7880373001098633,0.8083333373069763
C1,44,nonblind_diagnostic,640,360,182,-0.02,3.0517578125e-05,8,64,1496,574,569,300,16,922,5,1,0,1,1925,1925,600,1,root_band,0.08298662304878235,-0.015627722833808724,-0.01083499917127601,0.006194923081693723,110,6.275913238525391,12.123857498168945,0.07451304793357849,0.6545454263687134,164,6.924015045166016,13.547353744506836,0.0914601981639862,0.6951219439506531
C1,44,nonblind_diagnostic,640,360,182,-0.02,3.0517578125e-05,8,64,1496,574,569,300,16,922,5,1,0,1,1925,1925,600,1,outside_root_band,1.4368474334478378,-0.015627722833808724,-0.01083499917127601,0.006194923081693723,190,18.051748275756836,60.720123291015625,0.4474954307079315,0.800000011920929,436,77.74114990234375,273.8163757324219,2.426199436187744,0.8509174585342407
C1,44,nonblind_diagnostic,640,360,182,0.02,3.0517578125e-05,9,64,1497,574,569,300,16,923,5,1,0,1,1925,1925,600,1,all,1.0574247390031815,0.015627722833808724,0.01083499917127601,-0.006194923081693723,300,13.840264320373535,44.91405487060547,0.31392136216163635,0.7566666603088379,600,58.807891845703125,226.14463806152344,1.8009281158447266,0.8183333277702332
C1,44,nonblind_diagnostic,640,360,182,0.02,3.0517578125e-05,9,64,1497,574,569,300,16,923,5,1,0,1,1925,1925,600,1,root_band,0.08565116673707962,0.015627722833808724,0.01083499917127601,-0.006194923081693723,111,6.2913923263549805,12.332902908325195,0.07597269117832184,0.6396396160125732,164,7.14425802230835,13.781474113464355,0.0953296422958374,0.7134146094322205
C1,44,nonblind_diagnostic,640,360,182,0.02,3.0517578125e-05,9,64,1497,574,569,300,16,923,5,1,0,1,1925,1925,600,1,outside_root_band,1.4480763226747513,0.015627722833808724,0.01083499917127601,-0.006194923081693723,189,18.27372932434082,61.54549026489258,0.4536689817905426,0.8253968358039856,436,78.2409896850586,275.1624450683594,2.44248366355896,0.857798159122467
C1,44,nonblind_diagnostic,640,360,182,-0.05,3.0517578125e-05,10,64,1498,575,572,300,16,923,3,1,0,1,1925,1925,600,1,all,1.0413732081651688,-0.03906930708452181,-0.027087497928190027,0.015487307704234309,300,13.704976081848145,44.621665954589844,0.31025949120521545,0.7400000095367432,600,57.893672943115234,222.73948669433594,1.772486925125122,0.8016666769981384
C1,44,nonblind_diagnostic,640,360,182,-0.05,3.0517578125e-05,10,64,1498,575,572,300,16,923,3,1,0,1,1925,1925,600,1,root_band,0.08459651097655296,-0.03906930708452181,-0.027087497928190027,0.015487307704234309,111,6.451329708099365,12.428828239440918,0.08045908063650131,0.6396396160125732,164,6.776020050048828,13.376086235046387,0.08873394131660461,0.6829268336296082
C1,44,nonblind_diagnostic,640,360,182,-0.05,3.0517578125e-05,10,64,1498,575,572,300,16,923,3,1,0,1,1925,1925,600,1,outside_root_band,1.4255235493183136,-0.03906930708452181,-0.027087497928190027,0.015487307704234309,189,17.965051651000977,60.80558395385742,0.4452217221260071,0.7989417910575867,436,77.12142181396484,271.7322692871094,2.40582537651062,0.8463302850723267
C1,44,nonblind_diagnostic,640,360,182,0.05,3.0517578125e-05,11,64,1496,575,568,300,16,921,7,1,0,1,1925,1925,600,1,all,1.065256118774414,0.03906930708452181,0.027087497928190027,-0.015487307704234309,300,13.838605880737305,44.551517486572266,0.3136645555496216,0.7633333206176758,600,59.31011962890625,228.2091064453125,1.8168476819992065,0.8233333230018616
C1,44,nonblind_diagnostic,640,360,182,0.05,3.0517578125e-05,11,64,1496,575,568,300,16,921,7,1,0,1,1925,1925,600,1,root_band,0.08748689666390419,0.03906930708452181,0.027087497928190027,-0.015487307704234309,111,6.361050128936768,12.209861755371094,0.07655717432498932,0.630630612373352,164,7.304706573486328,13.961345672607422,0.09841661900281906,0.7256097793579102
C1,44,nonblind_diagnostic,640,360,182,0.05,3.0517578125e-05,11,64,1496,575,568,300,16,921,7,1,0,1,1925,1925,600,1,outside_root_band,1.4580741077661514,0.03906930708452181,0.027087497928190027,-0.015487307704234309,189,18.230182647705078,61.403953552246094,0.45291808247566223,0.841269850730896,436,78.87179565429688,277.2647399902344,2.4632301330566406,0.8600917458534241
C1,45,nonblind_diagnostic,640,360,195,-0.02,4.31583721365314e-05,12,64,1541,510,497,300,14,1031,13,1,0,1,1570,1570,600,1,all,1.269180953502655,-0.015627722833808724,-0.01083499917127601,0.006194923081693723,300,28.835620880126953,93.55474090576172,0.7915778160095215,0.8700000047683716,600,57.57528305053711,180.7474822998047,1.7467840909957886,0.8833333253860474
C1,45,nonblind_diagnostic,640,360,195,-0.02,4.31583721365314e-05,12,64,1541,510,497,300,14,1031,13,1,0,1,1570,1570,600,1,root_band,0.10660329088568687,-0.015627722833808724,-0.01083499917127601,0.006194923081693723,87,8.062678337097168,15.533523559570312,0.10587788373231888,0.8275862336158752,160,8.052839279174805,16.262615203857422,0.10732869803905487,0.84375
C1,45,nonblind_diagnostic,640,360,195,-0.02,4.31583721365314e-05,12,64,1541,510,497,300,14,1031,13,1,0,1,1570,1570,600,1,outside_root_band,1.7073010206222534,-0.015627722833808724,-0.01083499917127601,0.006194923081693723,213,37.32034683227539,99.81978607177734,1.0716524124145508,0.8873239159584045,440,75.58344268798828,217.05148315429688,2.342949628829956,0.8977272510528564
C1,45,nonblind_diagnostic,640,360,195,0.02,4.31583721365314e-05,13,64,1542,511,496,300,14,1031,15,1,0,1,1570,1570,600,1,all,1.2784515023231506,0.015627722833808724,0.01083499917127601,-0.006194923081693723,300,28.864831924438477,93.85924530029297,0.7918187379837036,0.8766666650772095,600,58.15748977661133,182.7860107421875,1.7650842666625977,0.8883333206176758
C1,45,nonblind_diagnostic,640,360,195,0.02,4.31583721365314e-05,13,64,1542,511,496,300,14,1031,15,1,0,1,1570,1570,600,1,root_band,0.10610369220376015,0.015627722833808724,0.01083499917127601,-0.006194923081693723,85,7.963161468505859,14.320015907287598,0.10040803998708725,0.8470588326454163,160,8.299713134765625,16.432846069335938,0.11179934442043304,0.856249988079071
C1,45,nonblind_diagnostic,640,360,195,0.02,4.31583721365314e-05,13,64,1542,511,496,300,14,1031,15,1,0,1,1570,1570,600,1,outside_root_band,1.715722918510437,0.015627722833808724,0.01083499917127601,-0.006194923081693723,215,37.1282844543457,100.16210174560547,1.0651671886444092,0.8883720636367798,440,76.28758239746094,219.21066284179688,2.366278648376465,0.8999999761581421
C1,45,nonblind_diagnostic,640,360,195,-0.05,4.31583721365314e-05,14,64,1539,509,497,300,14,1030,12,1,0,1,1570,1570,600,1,all,1.2595482170581818,-0.03906930708452181,-0.027087497928190027,0.015487307704234309,300,28.866018295288086,93.70685577392578,0.793611466884613,0.8700000047683716,600,56.909637451171875,177.64247131347656,1.7254849672317505,0.878333330154419
C1,45,nonblind_diagnostic,640,360,195,-0.05,4.31583721365314e-05,14,64,1539,509,497,300,14,1030,12,1,0,1,1570,1570,600,1,root_band,0.10512810945510864,-0.03906930708452181,-0.027087497928190027,0.015487307704234309,87,7.9485344886779785,15.926774978637695,0.10603958368301392,0.8390804529190063,160,7.867926597595215,16.13869285583496,0.10421663522720337,0.824999988079071
C1,45,nonblind_diagnostic,640,360,195,-0.05,4.31583721365314e-05,14,64,1539,509,497,300,14,1030,12,1,0,1,1570,1570,600,1,outside_root_band,1.694743812084198,-0.03906930708452181,-0.027087497928190027,0.015487307704234309,213,37.409786224365234,99.53269958496094,1.0744506120681763,0.8826290965080261,440,74.74298858642578,213.63882446289062,2.3150370121002197,0.8977272510528564
C1,45,nonblind_diagnostic,640,360,195,0.05,3.0517578125e-05,15,64,1540,513,498,300,14,1027,15,1,0,1,1570,1570,600,1,all,1.2898561358451843,0.03906930708452181,0.027087497928190027,-0.015487307704234309,300,29.223140716552734,94.29522705078125,0.8023685216903687,0.8899999856948853,600,58.54825973510742,183.9315948486328,1.77734375,0.8916666507720947
C1,45,nonblind_diagnostic,640,360,195,0.05,3.0517578125e-05,15,64,1540,513,498,300,14,1027,15,1,0,1,1570,1570,600,1,root_band,0.10901013761758804,0.03906930708452181,0.027087497928190027,-0.015487307704234309,85,8.093585014343262,13.986655235290527,0.1026073470711708,0.8705882430076599,160,8.485201835632324,16.564477920532227,0.11541292816400528,0.8687499761581421
C1,45,nonblind_diagnostic,640,360,195,0.05,3.0517578125e-05,15,64,1540,513,498,300,14,1027,15,1,0,1,1570,1570,600,1,outside_root_band,1.730350136756897,0.03906930708452181,0.027087497928190027,-0.015487307704234309,215,37.57668685913086,100.3912353515625,1.0790181159973145,0.8976744413375854,440,76.75300598144531,220.3962860107422,2.3816821575164795,0.8999999761581421
C2,42,fit,640,360,208,-0.02,3.0517578125e-05,16,64,945,934,862,300,41,11,72,1,0,1,2103,2103,600,1,all,0.05299949832260609,-0.015627722833808724,-0.01083499917127601,0.006194923081693723,300,5.3748064041137695,11.802620887756348,0.05109222233295441,0.6266666650772095,600,5.343260288238525,12.195497512817383,0.05490677431225777,0.596666693687439
C2,42,fit,640,360,208,-0.02,3.0517578125e-05,16,64,945,934,862,300,41,11,72,1,0,1,2103,2103,600,1,root_band,0.0037823060993105173,-0.015627722833808724,-0.01083499917127601,0.006194923081693723,50,3.5562386512756348,4.888745307922363,0.003814714029431343,0.6800000071525574,87,3.2908265590667725,4.832493782043457,0.0037498981691896915,0.6091954112052917
C2,42,fit,640,360,208,-0.02,3.0517578125e-05,16,64,945,934,862,300,41,11,72,1,0,1,2103,2103,600,1,outside_root_band,0.062065111473202705,-0.015627722833808724,-0.01083499917127601,0.006194923081693723,250,5.73852014541626,12.550532341003418,0.06054772809147835,0.6159999966621399,513,5.691333770751953,12.803180694580078,0.06358249485492706,0.5945419073104858
C2,42,fit,640,360,208,0.02,3.0517578125e-05,17,64,942,931,859,300,41,11,72,1,0,1,2103,2103,600,1,all,0.053845273330807686,0.015627722833808724,0.01083499917127601,-0.006194923081693723,300,5.426797866821289,11.861483573913574,0.05181434750556946,0.6399999856948853,600,5.403936386108398,12.256513595581055,0.055876199156045914,0.6050000190734863
C2,42,fit,640,360,208,0.02,3.0517578125e-05,17,64,942,931,859,300,41,11,72,1,0,1,2103,2103,600,1,root_band,0.005392605671659112,0.015627722833808724,0.01083499917127601,-0.006194923081693723,51,3.9357099533081055,5.238973617553711,0.0061969212256371975,0.7450980544090271,87,3.5168087482452393,4.998979568481445,0.0045882901176810265,0.6666666865348816
C2,42,fit,640,360,208,0.02,3.0517578125e-05,17,64,942,931,859,300,41,11,72,1,0,1,2103,2103,600,1,outside_root_band,0.06286591291427612,0.015627722833808724,0.01083499917127601,-0.006194923081693723,249,5.732201099395752,12.6427583694458,0.061157673597335815,0.6184738874435425,513,5.723975658416748,12.836709976196289,0.06457415223121643,0.5945419073104858
C2,42,fit,640,360,208,-0.05,1.52587890625e-05,18,64,943,932,860,300,41,11,72,1,0,1,2103,2103,600,1,all,0.05221700109541416,-0.03906930708452181,-0.027087497928190027,0.015487307704234309,300,5.344916820526123,11.784859657287598,0.0501670204102993,0.6266666650772095,600,5.322283744812012,12.17485237121582,0.05426698178052902,0.6050000190734863
C2,42,fit,640,360,208,-0.05,1.52587890625e-05,18,64,943,932,860,300,41,11,72,1,0,1,2103,2103,600,1,root_band,0.0035775144351646304,-0.03906930708452181,-0.027087497928190027,0.015487307704234309,49,3.5725960731506348,4.697080612182617,0.0035205374006181955,0.6530612111091614,87,3.288814067840576,4.7397379875183105,0.0036344914697110653,0.6666666865348816
C2,42,fit,640,360,208,-0.05,1.52587890625e-05,18,64,943,932,860,300,41,11,72,1,0,1,2103,2103,600,1,outside_root_band,0.06106353737413883,-0.03906930708452181,-0.027087497928190027,0.015487307704234309,251,5.690907955169678,12.310032844543457,0.05927330628037453,0.6215139627456665,513,5.667141437530518,12.77843952178955,0.06285376846790314,0.5945419073104858
C2,42,fit,640,360,208,0.05,3.0517578125e-05,19,64,941,930,859,300,42,11,71,1,0,1,2103,2103,600,1,all,0.054834745824337006,0.03906930708452181,0.027087497928190027,-0.015487307704234309,300,5.495793342590332,12.16581916809082,0.05291372537612915,0.6499999761581421,600,5.463857650756836,12.306631088256836,0.05675576627254486,0.6116666793823242
C2,42,fit,640,360,208,0.05,3.0517578125e-05,19,64,941,930,859,300,42,11,71,1,0,1,2103,2103,600,1,root_band,0.007107228273525834,0.03906930708452181,0.027087497928190027,-0.015487307704234309,51,4.1487345695495605,5.401597499847412,0.008033656515181065,0.7843137383460999,87,3.783921718597412,5.247920513153076,0.0061808000318706036,0.7126436829566956
C2,42,fit,640,360,208,0.05,3.0517578125e-05,19,64,941,930,859,300,42,11,71,1,0,1,2103,2103,600,1,outside_root_band,0.06371941789984703,0.03906930708452181,0.027087497928190027,-0.015487307704234309,249,5.771697044372559,12.586217880249023,0.06210602819919586,0.6224899888038635,513,5.748760223388672,12.862252235412598,0.0653328076004982,0.5945419073104858
C2,43,fit,640,360,221,-0.02,3.0517578125e-05,20,64,907,892,892,300,44,15,0,1,0,1,2248,2248,600,1,all,0.05501939170062542,-0.015627722833808724,-0.01083499917127601,0.006194923081693723,300,5.630904197692871,12.363911628723145,0.05575976148247719,0.6000000238418579,600,5.395925521850586,12.453500747680664,0.05427902191877365,0.5983333587646484
C2,43,fit,640,360,221,-0.02,3.0517578125e-05,20,64,907,892,892,300,44,15,0,1,0,1,2248,2248,600,1,root_band,,-0.015627722833808724,-0.01083499917127601,0.006194923081693723,0,,,,,0,,,,
C2,43,fit,640,360,221,-0.02,3.0517578125e-05,20,64,907,892,892,300,44,15,0,1,0,1,2248,2248,600,1,outside_root_band,0.05501939170062542,-0.015627722833808724,-0.01083499917127601,0.006194923081693723,300,5.630904197692871,12.363911628723145,0.05575976148247719,0.6000000238418579,600,5.395925521850586,12.453500747680664,0.05427902191877365,0.5983333587646484
C2,43,fit,640,360,221,0.02,3.0517578125e-05,21,64,905,890,890,300,44,15,0,1,0,1,2248,2248,600,1,all,0.05625632964074612,0.015627722833808724,0.01083499917127601,-0.006194923081693723,300,5.6527934074401855,12.497777938842773,0.0570930615067482,0.6033333539962769,600,5.446465015411377,12.514327049255371,0.055419597774744034,0.6033333539962769
C2,43,fit,640,360,221,0.02,3.0517578125e-05,21,64,905,890,890,300,44,15,0,1,0,1,2248,2248,600,1,root_band,,0.015627722833808724,0.01083499917127601,-0.006194923081693723,0,,,,,0,,,,
C2,43,fit,640,360,221,0.02,3.0517578125e-05,21,64,905,890,890,300,44,15,0,1,0,1,2248,2248,600,1,outside_root_band,0.05625632964074612,0.015627722833808724,0.01083499917127601,-0.006194923081693723,300,5.6527934074401855,12.497777938842773,0.0570930615067482,0.6033333539962769,600,5.446465015411377,12.514327049255371,0.055419597774744034,0.6033333539962769
C2,43,fit,640,360,221,-0.05,3.0517578125e-05,22,64,906,891,891,300,44,15,0,1,0,1,2248,2248,600,1,all,0.05413996987044811,-0.03906930708452181,-0.027087497928190027,0.015487307704234309,300,5.584245204925537,12.146839141845703,0.05471197888255119,0.6066666841506958,600,5.363149166107178,12.408957481384277,0.05356796085834503,0.5983333587646484
C2,43,fit,640,360,221,-0.05,3.0517578125e-05,22,64,906,891,891,300,44,15,0,1,0,1,2248,2248,600,1,root_band,,-0.03906930708452181,-0.027087497928190027,0.015487307704234309,0,,,,,0,,,,
C2,43,fit,640,360,221,-0.05,3.0517578125e-05,22,64,906,891,891,300,44,15,0,1,0,1,2248,2248,600,1,outside_root_band,0.05413996987044811,-0.03906930708452181,-0.027087497928190027,0.015487307704234309,300,5.584245204925537,12.146839141845703,0.05471197888255119,0.6066666841506958,600,5.363149166107178,12.408957481384277,0.05356796085834503,0.5983333587646484
C2,43,fit,640,360,221,0.05,3.0517578125e-05,23,64,906,891,891,300,44,15,0,1,0,1,2248,2248,600,1,all,0.055724501609802246,0.03906930708452181,0.027087497928190027,-0.015487307704234309,300,5.63313102722168,12.3832426071167,0.05523283779621124,0.6000000238418579,600,5.4809250831604,12.561119079589844,0.05621616542339325,0.6033333539962769
C2,43,fit,640,360,221,0.05,3.0517578125e-05,23,64,906,891,891,300,44,15,0,1,0,1,2248,2248,600,1,root_band,,0.03906930708452181,0.027087497928190027,-0.015487307704234309,0,,,,,0,,,,
C2,43,fit,640,360,221,0.05,3.0517578125e-05,23,64,906,891,891,300,44,15,0,1,0,1,2248,2248,600,1,outside_root_band,0.055724501609802246,0.03906930708452181,0.027087497928190027,-0.015487307704234309,300,5.63313102722168,12.3832426071167,0.05523283779621124,0.6000000238418579,600,5.4809250831604,12.561119079589844,0.05621616542339325,0.6033333539962769
C2,44,nonblind_diagnostic,640,360,234,-0.02,3.0517578125e-05,24,64,999,990,990,300,45,9,0,1,0,1,2573,2573,600,1,all,0.21791750192642212,-0.015627722833808724,-0.01083499917127601,0.006194923081693723,300,10.684718132019043,27.80728530883789,0.20726165175437927,0.7200000286102295,600,11.20883560180664,29.15683364868164,0.22857335209846497,0.7149999737739563
C2,44,nonblind_diagnostic,640,360,234,-0.02,3.0517578125e-05,24,64,999,990,990,300,45,9,0,1,0,1,2573,2573,600,1,root_band,0.566783994436264,-0.015627722833808724,-0.01083499917127601,0.006194923081693723,40,22.873138427734375,28.781496047973633,0.5624379515647888,1.0,91,23.133899688720703,29.141315460205078,0.5711300373077393,1.0
C2,44,nonblind_diagnostic,640,360,234,-0.02,3.0517578125e-05,24,64,999,990,990,300,45,9,0,1,0,1,2573,2573,600,1,outside_root_band,0.15997479856014252,-0.015627722833808724,-0.01083499917127601,0.006194923081693723,260,8.809576034545898,24.863862991333008,0.1526191681623459,0.6769230961799622,509,9.076849937438965,29.05342674255371,0.16733042895793915,0.664047122001648
C2,44,nonblind_diagnostic,640,360,234,0.02,3.4119690099032596e-05,25,64,1000,991,991,300,45,9,0,1,0,1,2573,2573,600,1,all,0.22105146944522858,0.015627722833808724,0.01083499917127601,-0.006194923081693723,300,10.762482643127441,28.15522003173828,0.21000362932682037,0.7099999785423279,600,11.323099136352539,29.451560974121094,0.23209930956363678,0.7183333039283752
C2,44,nonblind_diagnostic,640,360,234,0.02,3.4119690099032596e-05,25,64,1000,991,991,300,45,9,0,1,0,1,2573,2573,600,1,root_band,0.5886620283126831,0.015627722833808724,0.01083499917127601,-0.006194923081693723,40,23.599990844726562,29.256563186645508,0.5866662859916687,1.0,91,23.719730377197266,29.543163299560547,0.5906577706336975,1.0
C2,44,nonblind_diagnostic,640,360,234,0.02,3.4119690099032596e-05,25,64,1000,991,991,300,45,9,0,1,0,1,2573,2573,600,1,outside_root_band,0.16002553701400757,0.015627722833808724,0.01083499917127601,-0.006194923081693723,260,8.787480354309082,23.506147384643555,0.1520555317401886,0.6653845906257629,509,9.106804847717285,29.152629852294922,0.16799554228782654,0.667976438999176
C2,44,nonblind_diagnostic,640,360,234,-0.05,3.331041079945862e-05,26,64,998,989,989,300,45,9,0,1,0,1,2573,2573,600,1,all,0.21553868800401688,-0.03906930708452181,-0.027087497928190027,0.015487307704234309,300,10.609116554260254,27.556772232055664,0.20503298938274384,0.7166666388511658,600,11.12713623046875,28.922134399414062,0.22604438662528992,0.7166666388511658
C2,44,nonblind_diagnostic,640,360,234,-0.05,3.331041079945862e-05,26,64,998,989,989,300,45,9,0,1,0,1,2573,2573,600,1,root_band,0.5496975779533386,-0.03906930708452181,-0.027087497928190027,0.015487307704234309,39,22.276247024536133,28.375682830810547,0.54254150390625,1.0,91,22.705610275268555,28.847078323364258,0.5568536520004272,1.0
C2,44,nonblind_diagnostic,640,360,234,-0.05,3.331041079945862e-05,26,64,998,989,989,300,45,9,0,1,0,1,2573,2573,600,1,outside_root_band,0.16075116395950317,-0.03906930708452181,-0.027087497928190027,0.015487307704234309,261,8.865750312805176,25.036670684814453,0.15460067987442017,0.6743295192718506,509,9.057113647460938,28.983959197998047,0.16690164804458618,0.6660118103027344
C2,44,nonblind_diagnostic,640,360,234,0.05,3.227028719265945e-05,27,64,998,989,989,300,45,9,0,1,0,1,2573,2573,600,1,all,0.22381048649549484,0.03906930708452181,0.027087497928190027,-0.015487307704234309,300,10.857001304626465,28.465103149414062,0.21276183426380157,0.7166666388511658,600,11.411845207214355,29.718990325927734,0.2348591387271881,0.721666693687439
C2,44,nonblind_diagnostic,640,360,234,0.05,3.227028719265945e-05,27,64,998,989,989,300,45,9,0,1,0,1,2573,2573,600,1,root_band,0.6035588383674622,0.03906930708452181,0.027087497928190027,-0.015487307704234309,40,24.04279136657715,29.62810707092285,0.6014264225959778,1.0,91,24.170740127563477,29.851850509643555,0.6056912541389465,1.0
C2,44,nonblind_diagnostic,640,360,234,0.05,3.227028719265945e-05,27,64,998,989,989,300,45,9,0,1,0,1,2573,2573,600,1,outside_root_band,0.1607641652226448,0.03906930708452181,0.027087497928190027,-0.015487307704234309,260,8.828417778015137,23.738712310791016,0.15296727418899536,0.6730769276618958,509,9.13078498840332,29.23176383972168,0.16856105625629425,0.6719056963920593
C2,45,nonblind_diagnostic,640,360,247,-0.02,3.227028719265945e-05,28,64,785,771,771,300,39,14,0,1,0,1,2002,2002,600,1,all,0.2184349149465561,-0.015627722833808724,-0.01083499917127601,0.006194923081693723,300,10.546113967895508,28.746862411499023,0.20525705814361572,0.7333333492279053,600,11.239880561828613,29.740219116210938,0.23161277174949646,0.7266666889190674
C2,45,nonblind_diagnostic,640,360,247,-0.02,3.227028719265945e-05,28,64,785,771,771,300,39,14,0,1,0,1,2002,2002,600,1,root_band,0.5253350734710693,-0.015627722833808724,-0.01083499917127601,0.006194923081693723,49,21.600849151611328,27.83089828491211,0.5200283527374268,1.0,113,21.919254302978516,28.0902156829834,0.5306417942047119,1.0
C2,45,nonblind_diagnostic,640,360,247,-0.02,3.227028719265945e-05,28,64,785,771,771,300,39,14,0,1,0,1,2002,2002,600,1,outside_root_band,0.15301795303821564,-0.015627722833808724,-0.01083499917127601,0.006194923081693723,251,8.388018608093262,29.948867797851562,0.14380767941474915,0.6812748908996582,487,8.761917114257812,31.168378829956055,0.16222822666168213,0.663244366645813
C2,45,nonblind_diagnostic,640,360,247,0.02,3.1456798751605675e-05,29,64,786,772,772,300,39,14,0,1,0,1,2002,2002,600,1,all,0.2234741821885109,0.015627722833808724,0.01083499917127601,-0.006194923081693723,300,10.720081329345703,28.897506713867188,0.21025438606739044,0.7266666889190674,600,11.402488708496094,30.108354568481445,0.23669397830963135,0.7266666889190674
C2,45,nonblind_diagnostic,640,360,247,0.02,3.1456798751605675e-05,29,64,786,772,772,300,39,14,0,1,0,1,2002,2002,600,1,root_band,0.5501428246498108,0.015627722833808724,0.01083499917127601,-0.006194923081693723,50,22.41764259338379,28.384397506713867,0.5472548007965088,1.0,113,22.590925216674805,28.564523696899414,0.5530308485031128,1.0
C2,45,nonblind_diagnostic,640,360,247,0.02,3.1456798751605675e-05,29,64,786,772,772,300,39,14,0,1,0,1,2002,2002,600,1,outside_root_band,0.15307387709617615,0.015627722833808724,0.01083499917127601,-0.006194923081693723,250,8.380568504333496,30.439945220947266,0.14285433292388916,0.671999990940094,487,8.806403160095215,31.542991638183594,0.16329342126846313,0.663244366645813
C2,45,nonblind_diagnostic,640,360,247,-0.05,3.7034013075754046e-05,30,64,785,771,771,300,39,14,0,1,0,1,2002,2002,600,1,all,0.21493803709745407,-0.03906930708452181,-0.027087497928190027,0.015487307704234309,300,10.44042682647705,28.445789337158203,0.20193082094192505,0.7233333587646484,600,11.122194290161133,29.55795669555664,0.2279452532529831,0.7250000238418579
C2,45,nonblind_diagnostic,640,360,247,-0.05,3.7034013075754046e-05,30,64,785,771,771,300,39,14,0,1,0,1,2002,2002,600,1,root_band,0.506810188293457,-0.03906930708452181,-0.027087497928190027,0.015487307704234309,48,20.98143768310547,27.430286407470703,0.49938130378723145,1.0,113,21.427169799804688,27.74275779724121,0.5142390727996826,1.0
C2,45,nonblind_diagnostic,640,360,247,-0.05,3.7034013075754046e-05,30,64,785,771,771,300,39,14,0,1,0,1,2002,2002,600,1,outside_root_band,0.15339461714029312,-0.03906930708452181,-0.027087497928190027,0.015487307704234309,252,8.43261432647705,29.61551856994629,0.14527356624603271,0.670634925365448,487,8.731101036071777,30.936363220214844,0.16151566803455353,0.6611909866333008
C2,45,nonblind_diagnostic,640,360,247,0.05,3.814697265625e-05,31,64,786,772,772,300,39,14,0,1,0,1,2002,2002,600,1,all,0.2268707975745201,0.03906930708452181,0.027087497928190027,-0.015487307704234309,300,10.811168670654297,29.24703598022461,0.21309718489646912,0.7300000190734863,600,11.528339385986328,30.454147338867188,0.2406444102525711,0.7283333539962769
C2,45,nonblind_diagnostic,640,360,247,0.05,3.814697265625e-05,31,64,786,772,772,300,39,14,0,1,0,1,2002,2002,600,1,root_band,0.5676304399967194,0.03906930708452181,0.027087497928190027,-0.015487307704234309,50,22.950647354125977,28.756881713867188,0.5650216341018677,1.0,113,23.107177734375,28.928377151489258,0.570239245891571,1.0
C2,45,nonblind_diagnostic,640,360,247,0.05,3.814697265625e-05,31,64,786,772,772,300,39,14,0,1,0,1,2002,2002,600,1,outside_root_band,0.1534399390220642,0.03906930708452181,0.027087497928190027,-0.015487307704234309,250,8.383271217346191,30.495397567749023,0.1427123099565506,0.6759999990463257,487,8.841668128967285,31.8513126373291,0.16416756808757782,0.6652977466583252
C3,42,fit,640,360,260,-0.02,3.1456798751605675e-05,32,64,235,225,225,225,5,10,0,0,0,1,622,622,600,1,all,0.003615501511376351,-0.015627722833808724,-0.01083499917127601,0.006194923081693723,225,2.8515172004699707,4.5802388191223145,0.0019277924438938498,0.5022222399711609,600,3.1128954887390137,4.930778980255127,0.005303210578858852,0.5566666722297668
C3,42,fit,640,360,260,-0.02,3.1456798751605675e-05,32,64,235,225,225,225,5,10,0,0,0,1,622,622,600,1,root_band,,-0.015627722833808724,-0.01083499917127601,0.006194923081693723,0,,,,,0,,,,
C3,42,fit,640,360,260,-0.02,3.1456798751605675e-05,32,64,235,225,225,225,5,10,0,0,0,1,622,622,600,1,outside_root_band,0.003615501511376351,-0.015627722833808724,-0.01083499917127601,0.006194923081693723,225,2.8515172004699707,4.5802388191223145,0.0019277924438938498,0.5022222399711609,600,3.1128954887390137,4.930778980255127,0.005303210578858852,0.5566666722297668
C3,42,fit,640,360,260,0.02,3.1239203963195905e-05,33,64,235,225,225,225,5,10,0,0,0,1,622,622,600,1,all,0.003616460890043527,0.015627722833808724,0.01083499917127601,-0.006194923081693723,225,2.85170316696167,4.580712795257568,0.0019285689340904355,0.5022222399711609,600,3.113112211227417,4.930778980255127,0.005304352845996618,0.5566666722297668
C3,42,fit,640,360,260,0.02,3.1239203963195905e-05,33,64,235,225,225,225,5,10,0,0,0,1,622,622,600,1,root_band,,0.015627722833808724,0.01083499917127601,-0.006194923081693723,0,,,,,0,,,,
C3,42,fit,640,360,260,0.02,3.1239203963195905e-05,33,64,235,225,225,225,5,10,0,0,0,1,622,622,600,1,outside_root_band,0.003616460890043527,0.015627722833808724,0.01083499917127601,-0.006194923081693723,225,2.85170316696167,4.580712795257568,0.0019285689340904355,0.5022222399711609,600,3.113112211227417,4.930778980255127,0.005304352845996618,0.5566666722297668
C3,42,fit,640,360,260,-0.05,3.197298792656511e-05,34,64,235,225,225,225,5,10,0,0,0,1,622,622,600,1,all,0.003614738117903471,-0.03906930708452181,-0.027087497928190027,0.015487307704234309,225,2.851365804672241,4.5802388191223145,0.001927175559103489,0.5022222399711609,600,3.112722873687744,4.930778980255127,0.005302300676703453,0.5566666722297668
C3,42,fit,640,360,260,-0.05,3.197298792656511e-05,34,64,235,225,225,225,5,10,0,0,0,1,622,622,600,1,root_band,,-0.03906930708452181,-0.027087497928190027,0.015487307704234309,0,,,,,0,,,,
C3,42,fit,640,360,260,-0.05,3.197298792656511e-05,34,64,235,225,225,225,5,10,0,0,0,1,622,622,600,1,outside_root_band,0.003614738117903471,-0.03906930708452181,-0.027087497928190027,0.015487307704234309,225,2.851365804672241,4.5802388191223145,0.001927175559103489,0.5022222399711609,600,3.112722873687744,4.930778980255127,0.005302300676703453,0.5566666722297668
C3,42,fit,640,360,260,0.05,3.1239203963195905e-05,35,64,235,225,225,225,5,10,0,0,0,1,622,622,600,1,all,0.0036171518731862307,0.03906930708452181,0.027087497928190027,-0.015487307704234309,225,2.851839780807495,4.581313133239746,0.0019291299395263195,0.5022222399711609,600,3.1132678985595703,4.930778980255127,0.005305173806846142,0.5566666722297668
C3,42,fit,640,360,260,0.05,3.1239203963195905e-05,35,64,235,225,225,225,5,10,0,0,0,1,622,622,600,1,root_band,,0.03906930708452181,0.027087497928190027,-0.015487307704234309,0,,,,,0,,,,
C3,42,fit,640,360,260,0.05,3.1239203963195905e-05,35,64,235,225,225,225,5,10,0,0,0,1,622,622,600,1,outside_root_band,0.0036171518731862307,0.03906930708452181,0.027087497928190027,-0.015487307704234309,225,2.851839780807495,4.581313133239746,0.0019291299395263195,0.5022222399711609,600,3.1132678985595703,4.930778980255127,0.005305173806846142,0.5566666722297668
C3,43,fit,640,360,273,-0.02,3.0517578125e-05,36,64,591,582,582,300,24,9,0,1,0,1,1508,1508,600,1,all,0.00823906622827053,-0.015627722833808724,-0.01083499917127601,0.006194923081693723,300,3.7086338996887207,6.102862358093262,0.008106744848191738,0.6366666555404663,600,3.640376567840576,6.0785956382751465,0.008371387608349323,0.6183333396911621
C3,43,fit,640,360,273,-0.02,3.0517578125e-05,36,64,591,582,582,300,24,9,0,1,0,1,1508,1508,600,1,root_band,,-0.015627722833808724,-0.01083499917127601,0.006194923081693723,0,,,,,0,,,,
C3,43,fit,640,360,273,-0.02,3.0517578125e-05,36,64,591,582,582,300,24,9,0,1,0,1,1508,1508,600,1,outside_root_band,0.00823906622827053,-0.015627722833808724,-0.01083499917127601,0.006194923081693723,300,3.7086338996887207,6.102862358093262,0.008106744848191738,0.6366666555404663,600,3.640376567840576,6.0785956382751465,0.008371387608349323,0.6183333396911621
C3,43,fit,640,360,273,0.02,3.0517578125e-05,37,64,591,582,582,300,24,9,0,1,0,1,1508,1508,600,1,all,0.008239064365625381,0.015627722833808724,0.01083499917127601,-0.006194923081693723,300,3.7086145877838135,6.102862358093262,0.008106743916869164,0.6366666555404663,600,3.6403586864471436,6.0785956382751465,0.0083713848143816,0.6183333396911621
C3,43,fit,640,360,273,0.02,3.0517578125e-05,37,64,591,582,582,300,24,9,0,1,0,1,1508,1508,600,1,root_band,,0.015627722833808724,0.01083499917127601,-0.006194923081693723,0,,,,,0,,,,
C3,43,fit,640,360,273,0.02,3.0517578125e-05,37,64,591,582,582,300,24,9,0,1,0,1,1508,1508,600,1,outside_root_band,0.008239064365625381,0.015627722833808724,0.01083499917127601,-0.006194923081693723,300,3.7086145877838135,6.102862358093262,0.008106743916869164,0.6366666555404663,600,3.6403586864471436,6.0785956382751465,0.0083713848143816,0.6183333396911621
C3,43,fit,640,360,273,-0.05,3.0517578125e-05,38,64,591,582,582,300,24,9,0,1,0,1,1508,1508,600,1,all,0.008239066693931818,-0.03906930708452181,-0.027087497928190027,0.015487307704234309,300,3.7086496353149414,6.102862358093262,0.008106744848191738,0.6366666555404663,600,3.640389919281006,6.0785956382751465,0.008371388539671898,0.6183333396911621
C3,43,fit,640,360,273,-0.05,3.0517578125e-05,38,64,591,582,582,300,24,9,0,1,0,1,1508,1508,600,1,root_band,,-0.03906930708452181,-0.027087497928190027,0.015487307704234309,0,,,,,0,,,,
C3,43,fit,640,360,273,-0.05,3.0517578125e-05,38,64,591,582,582,300,24,9,0,1,0,1,1508,1508,600,1,outside_root_band,0.008239066693931818,-0.03906930708452181,-0.027087497928190027,0.015487307704234309,300,3.7086496353149414,6.102862358093262,0.008106744848191738,0.6366666555404663,600,3.640389919281006,6.0785956382751465,0.008371388539671898,0.6183333396911621
C3,43,fit,640,360,273,0.05,3.0517578125e-05,39,64,591,582,582,300,24,9,0,1,0,1,1508,1508,600,1,all,0.008239063434302807,0.03906930708452181,0.027087497928190027,-0.015487307704234309,300,3.70859956741333,6.102862358093262,0.008106742985546589,0.6366666555404663,600,3.640345811843872,6.0785956382751465,0.008371383883059025,0.6183333396911621
C3,43,fit,640,360,273,0.05,3.0517578125e-05,39,64,591,582,582,300,24,9,0,1,0,1,1508,1508,600,1,root_band,,0.03906930708452181,0.027087497928190027,-0.015487307704234309,0,,,,,0,,,,
C3,43,fit,640,360,273,0.05,3.0517578125e-05,39,64,591,582,582,300,24,9,0,1,0,1,1508,1508,600,1,outside_root_band,0.008239063434302807,0.03906930708452181,0.027087497928190027,-0.015487307704234309,300,3.70859956741333,6.102862358093262,0.008106742985546589,0.6366666555404663,600,3.640345811843872,6.0785956382751465,0.008371383883059025,0.6183333396911621
C3,44,nonblind_diagnostic,640,360,286,-0.02,1.52587890625e-05,40,64,582,571,571,300,24,11,0,1,0,1,1462,1462,600,1,all,0.19248060137033463,-0.015627722833808724,-0.01083499917127601,0.006194923081693723,300,10.465119361877441,20.370519638061523,0.18588635325431824,0.8233333230018616,600,10.830561637878418,20.688703536987305,0.199074849486351,0.824999988079071
C3,44,nonblind_diagnostic,640,360,286,-0.02,1.52587890625e-05,40,64,582,571,571,300,24,11,0,1,0,1,1462,1462,600,1,root_band,,-0.015627722833808724,-0.01083499917127601,0.006194923081693723,0,,,,,0,,,,
C3,44,nonblind_diagnostic,640,360,286,-0.02,1.52587890625e-05,40,64,582,571,571,300,24,11,0,1,0,1,1462,1462,600,1,outside_root_band,0.19248060137033463,-0.015627722833808724,-0.01083499917127601,0.006194923081693723,300,10.465119361877441,20.370519638061523,0.18588635325431824,0.8233333230018616,600,10.830561637878418,20.688703536987305,0.199074849486351,0.824999988079071
C3,44,nonblind_diagnostic,640,360,286,0.02,1.52587890625e-05,41,64,582,571,571,300,24,11,0,1,0,1,1462,1462,600,1,all,0.19244810193777084,0.015627722833808724,0.01083499917127601,-0.006194923081693723,300,10.464225769042969,20.370519638061523,0.1858566403388977,0.8233333230018616,600,10.829500198364258,20.688703536987305,0.19903956353664398,0.824999988079071
C3,44,nonblind_diagnostic,640,360,286,0.02,1.52587890625e-05,41,64,582,571,571,300,24,11,0,1,0,1,1462,1462,600,1,root_band,,0.015627722833808724,0.01083499917127601,-0.006194923081693723,0,,,,,0,,,,
C3,44,nonblind_diagnostic,640,360,286,0.02,1.52587890625e-05,41,64,582,571,571,300,24,11,0,1,0,1,1462,1462,600,1,outside_root_band,0.19244810193777084,0.015627722833808724,0.01083499917127601,-0.006194923081693723,300,10.464225769042969,20.370519638061523,0.1858566403388977,0.8233333230018616,600,10.829500198364258,20.688703536987305,0.19903956353664398,0.824999988079071
C3,44,nonblind_diagnostic,640,360,286,-0.05,1.52587890625e-05,42,64,582,571,571,300,24,11,0,1,0,1,1462,1462,600,1,all,0.1925049051642418,-0.03906930708452181,-0.027087497928190027,0.015487307704234309,300,10.465787887573242,20.370519638061523,0.18590864539146423,0.8233333230018616,600,10.831351280212402,20.688703536987305,0.19910116493701935,0.824999988079071
C3,44,nonblind_diagnostic,640,360,286,-0.05,1.52587890625e-05,42,64,582,571,571,300,24,11,0,1,0,1,1462,1462,600,1,root_band,,-0.03906930708452181,-0.027087497928190027,0.015487307704234309,0,,,,,0,,,,
C3,44,nonblind_diagnostic,640,360,286,-0.05,1.52587890625e-05,42,64,582,571,571,300,24,11,0,1,0,1,1462,1462,600,1,outside_root_band,0.1925049051642418,-0.03906930708452181,-0.027087497928190027,0.015487307704234309,300,10.465787887573242,20.370519638061523,0.18590864539146423,0.8233333230018616,600,10.831351280212402,20.688703536987305,0.19910116493701935,0.824999988079071
C3,44,nonblind_diagnostic,640,360,286,0.05,1.52587890625e-05,43,64,582,571,571,300,24,11,0,1,0,1,1462,1462,600,1,all,0.19242366403341293,0.03906930708452181,0.027087497928190027,-0.015487307704234309,300,10.463554382324219,20.370519638061523,0.18583427369594574,0.8233333230018616,600,10.828705787658691,20.688703536987305,0.19901305437088013,0.824999988079071
C3,44,nonblind_diagnostic,640,360,286,0.05,1.52587890625e-05,43,64,582,571,571,300,24,11,0,1,0,1,1462,1462,600,1,root_band,,0.03906930708452181,0.027087497928190027,-0.015487307704234309,0,,,,,0,,,,
C3,44,nonblind_diagnostic,640,360,286,0.05,1.52587890625e-05,43,64,582,571,571,300,24,11,0,1,0,1,1462,1462,600,1,outside_root_band,0.19242366403341293,0.03906930708452181,0.027087497928190027,-0.015487307704234309,300,10.463554382324219,20.370519638061523,0.18583427369594574,0.8233333230018616,600,10.828705787658691,20.688703536987305,0.19901305437088013,0.824999988079071
C3,45,nonblind_diagnostic,640,360,299,-0.02,9.5367431640625e-06,44,64,188,178,178,178,4,10,0,0,0,1,507,507,507,0,all,0.4906088709831238,-0.015627722833808724,-0.01083499917127601,0.006194923081693723,178,20.308860778808594,22.881168365478516,0.47696197032928467,1.0,507,21.127674102783203,23.39454460144043,0.5042557716369629,1.0
C3,45,nonblind_diagnostic,640,360,299,-0.02,9.5367431640625e-06,44,64,188,178,178,178,4,10,0,0,0,1,507,507,507,0,root_band,,-0.015627722833808724,-0.01083499917127601,0.006194923081693723,0,,,,,0,,,,
C3,45,nonblind_diagnostic,640,360,299,-0.02,9.5367431640625e-06,44,64,188,178,178,178,4,10,0,0,0,1,507,507,507,0,outside_root_band,0.4906088709831238,-0.015627722833808724,-0.01083499917127601,0.006194923081693723,178,20.308860778808594,22.881168365478516,0.47696197032928467,1.0,507,21.127674102783203,23.39454460144043,0.5042557716369629,1.0
C3,45,nonblind_diagnostic,640,360,299,0.02,7.62939453125e-06,45,64,188,178,178,178,4,10,0,0,0,1,507,507,507,0,all,0.49057385325431824,0.015627722833808724,0.01083499917127601,-0.006194923081693723,178,20.307823181152344,22.881168365478516,0.4769275188446045,1.0,507,21.126605987548828,23.39454460144043,0.504220187664032,1.0
C3,45,nonblind_diagnostic,640,360,299,0.02,7.62939453125e-06,45,64,188,178,178,178,4,10,0,0,0,1,507,507,507,0,root_band,,0.015627722833808724,0.01083499917127601,-0.006194923081693723,0,,,,,0,,,,
C3,45,nonblind_diagnostic,640,360,299,0.02,7.62939453125e-06,45,64,188,178,178,178,4,10,0,0,0,1,507,507,507,0,outside_root_band,0.49057385325431824,0.015627722833808724,0.01083499917127601,-0.006194923081693723,178,20.307823181152344,22.881168365478516,0.4769275188446045,1.0,507,21.126605987548828,23.39454460144043,0.504220187664032,1.0
C3,45,nonblind_diagnostic,640,360,299,-0.05,9.5367431640625e-06,46,64,188,178,178,178,4,10,0,0,0,1,507,507,507,0,all,0.4906347990036011,-0.03906930708452181,-0.027087497928190027,0.015487307704234309,178,20.30962562561035,22.881168365478516,0.47698748111724854,1.0,507,21.128461837768555,23.39454460144043,0.5042821168899536,1.0
C3,45,nonblind_diagnostic,640,360,299,-0.05,9.5367431640625e-06,46,64,188,178,178,178,4,10,0,0,0,1,507,507,507,0,root_band,,-0.03906930708452181,-0.027087497928190027,0.015487307704234309,0,,,,,0,,,,
C3,45,nonblind_diagnostic,640,360,299,-0.05,9.5367431640625e-06,46,64,188,178,178,178,4,10,0,0,0,1,507,507,507,0,outside_root_band,0.4906347990036011,-0.03906930708452181,-0.027087497928190027,0.015487307704234309,178,20.30962562561035,22.881168365478516,0.47698748111724854,1.0,507,21.128461837768555,23.39454460144043,0.5042821168899536,1.0
C3,45,nonblind_diagnostic,640,360,299,0.05,8.529922524758149e-06,47,64,188,178,178,178,4,10,0,0,0,1,507,507,507,0,all,0.49054770171642303,0.03906930708452181,0.027087497928190027,-0.015487307704234309,178,20.30705451965332,22.881168365478516,0.4769017994403839,1.0,507,21.12580680847168,23.39454460144043,0.5041936039924622,1.0
C3,45,nonblind_diagnostic,640,360,299,0.05,8.529922524758149e-06,47,64,188,178,178,178,4,10,0,0,0,1,507,507,507,0,root_band,,0.03906930708452181,0.027087497928190027,-0.015487307704234309,0,,,,,0,,,,
C3,45,nonblind_diagnostic,640,360,299,0.05,8.529922524758149e-06,47,64,188,178,178,178,4,10,0,0,0,1,507,507,507,0,outside_root_band,0.49054770171642303,0.03906930708452181,0.027087497928190027,-0.015487307704234309,178,20.30705451965332,22.881168365478516,0.4769017994403839,1.0,507,21.12580680847168,23.39454460144043,0.5041936039924622,1.0
