camera_id,frame_id,video_pts_s,sim_time_s,valid
C1,0,0.0,121.275,1
C1,1,0.05,121.325,1
C1,2,0.1,121.375,1
C1,3,0.15,121.425,1
C1,4,0.2,121.475,1
C1,5,0.25,121.525,1
C1,6,0.3,121.575,1
C1,7,0.35,121.625,1
C1,8,0.4,121.675,1
C1,9,0.45,121.725,1
C1,10,0.5,121.775,1
C1,11,0.55,121.825,1
C1,12,0.6,121.875,1
C1,13,0.65,121.925,1
C1,14,0.7,121.975,1
C1,15,0.75,122.025,1
C1,16,0.8,122.075,1
C1,17,0.85,122.125,1
C1,18,0.9,122.175,1
C1,19,0.95,122.225,1
C1,20,1.0,122.275,1
C1,21,1.05,122.325,1
C1,22,1.1,122.375,1
C1,23,1.15,122.425,1
C1,24,1.2,122.475,1
C1,25,1.25,122.525,1
C1,26,1.3,122.575,1
C1,27,1.35,122.625,1
C1,28,1.4,122.675,1
C1,29,1.45,122.725,1
C1,30,1.5,122.775,1
C1,31,1.55,122.825,1
C1,32,1.6,122.875,1
C1,33,1.65,122.925,1
C1,34,1.7,122.975,1
C1,35,1.75,123.025,1
C1,36,1.8,123.075,1
C1,37,1.85,123.125,1
C1,38,1.9,123.175,1
C1,39,1.95,123.225,1
C2,0,0.0,121.275,1
C2,1,0.05,121.325,1
C2,2,0.1,121.375,1
C2,3,0.15,121.425,1
C2,4,0.2,121.475,1
C2,5,0.25,121.525,1
C2,6,0.3,121.575,1
C2,7,0.35,121.625,1
C2,8,0.4,121.675,1
C2,9,0.45,121.725,1
C2,10,0.5,121.775,1
C2,11,0.55,121.825,1
C2,12,0.6,121.875,1
C2,13,0.65,121.925,1
C2,14,0.7,121.975,1
C2,15,0.75,122.025,1
C2,16,0.8,122.075,1
C2,17,0.85,122.125,1
C2,18,0.9,122.175,1
C2,19,0.95,122.225,1
C2,20,1.0,122.275,1
C2,21,1.05,122.325,1
C2,22,1.1,122.375,1
C2,23,1.15,122.425,1
C2,24,1.2,122.475,1
C2,25,1.25,122.525,1
C2,26,1.3,122.575,1
C2,27,1.35,122.625,1
C2,28,1.4,122.675,1
C2,29,1.45,122.725,1
C2,30,1.5,122.775,1
C2,31,1.55,122.825,1
C2,32,1.6,122.875,1
C2,33,1.65,122.925,1
C2,34,1.7,122.975,1
C2,35,1.75,123.025,1
C2,36,1.8,123.075,1
C2,37,1.85,123.125,1
C2,38,1.9,123.175,1
C2,39,1.95,123.225,1
C3,0,0.0,121.275,1
C3,1,0.05,121.325,1
C3,2,0.1,121.375,1
C3,3,0.15,121.425,1
C3,4,0.2,121.475,1
C3,5,0.25,121.525,1
C3,6,0.3,121.575,1
C3,7,0.35,121.625,1
C3,8,0.4,121.675,1
C3,9,0.45,121.725,1
C3,10,0.5,121.775,1
C3,11,0.55,121.825,1
C3,12,0.6,121.875,1
C3,13,0.65,121.925,1
C3,14,0.7,121.975,1
C3,15,0.75,122.025,1
C3,16,0.8,122.075,1
C3,17,0.85,122.125,1
C3,18,0.9,122.175,1
C3,19,0.95,122.225,1
C3,20,1.0,122.275,1
C3,21,1.05,122.325,1
C3,22,1.1,122.375,1
C3,23,1.15,122.425,1
C3,24,1.2,122.475,1
C3,25,1.25,122.525,1
C3,26,1.3,122.575,1
C3,27,1.35,122.625,1
C3,28,1.4,122.675,1
C3,29,1.45,122.725,1
C3,30,1.5,122.775,1
C3,31,1.55,122.825,1
C3,32,1.6,122.875,1
C3,33,1.65,122.925,1
C3,34,1.7,122.975,1
C3,35,1.75,123.025,1
C3,36,1.8,123.075,1
C3,37,1.85,123.125,1
C3,38,1.9,123.175,1
C3,39,1.95,123.225,1
